id,peptide_sequence,pred_pK,pred_dG
4nnqA_116-126,AGGGVGLAAAA,5.444,-7.396
1mdaH_6-16,AGSAAAASAAA,5.35,-7.268
2lrdA_16-26,AIAGAVAACGG,5.725,-7.778
2rgkA_397-406,PGMAPAVAAG,6.09,-8.273
3obbA_123-132,GGTAGAAAGT,4.673,-6.348
3p9nA_99-109,GAVAAVVAAGT,5.546,-7.534
4bmhA_92-101,PGVFPAAFAA,6.465,-8.783
4ip2A_211-221,APPAALAAAGM,5.896,-8.01
1uiyA_106-116,VAGGAGLALAC,5.677,-7.712
2pimA_17-26,VPAVAGTLGG,5.26,-7.146
2rngA_25-34,VGAAAVTAAN,5.786,-7.86
3agdA_387-396,AVHEAAAAAA,6.59,-8.953
3nh4A_53-62,ANPAATAACC,5.979,-8.123
4fayA_138-148,AAGAAHLGLGA,5.862,-7.964
4fzwC_111-121,AGAGATLALGG,5.184,-7.043
4i2zA_646-655,GAVPACVAVS,5.992,-8.14
5w56A_67-76,PADAIALAGA,5.517,-7.495
1o9pA_131-142,ASSGSAAAVGAG,5.421,-7.365
1zr6A_133-143,VGVGGHVLGGG,5.966,-8.105
2pgnA_212-221,AGGGVARSGG,5.626,-7.643
2v57A_32-43,AALGDIAAAAGV,5.884,-7.994
2wpxA_136-147,DPGPAAFAAAMG,5.581,-7.582
3a2qA_150-161,SSGGSGAAVAAA,4.975,-6.759
3aubA_46-57,ASAADALAACAA,5.782,-7.855
3b9wA_243-252,ALAGGVAIGS,5.666,-7.697
3g64A_123-134,AGAGAVLALAAD,5.59,-7.594
3i47A_111-122,FGGGAGLAAACD,5.281,-7.174
3popA_128-138,VGMGGLVAGGG,6.3,-8.559
3qhaA_129-138,GGAAAAARGE,5.999,-8.15
4g2rA_136-146,AGGAAYGPALT,5.202,-7.067
4hdtA_114-123,MGGGVGVGAH,5.427,-7.373
4m0gB_244-253,AGGVTVGTGV,5.157,-7.006
4mi2A_116-126,VGAGLGLALGA,5.597,-7.604
4p4gA_219-231,PTPLAAAVGSAGG,4.916,-6.679
4rk2A_331-343,AGPEGAAVVAATG,5.941,-8.071
