id,pep_seq
3ru6A_10-23,STKEECLQLAKELK
3s6gA_20-33,RDGKEIREYLHRFS
3smvA_102-116,PDTVEALQYLKKHYK
3solA_84-98,TPEYIKCREFNRRLV
3t0oA_106-119,NRSRFWKHEWEKHG
3t32A_329-342,LSQDERTKLLEEKG
3t4rA_3-16,RIRHEKEKLLADLD
3t5nA_42-56,LDFSEVSNVQRLMRK
3t61A_94-106,LKRSYRDKLRESA
3t7vA_322-336,RDIKSVVRRLEIMGM
3tfoA_100-114,VKVDEWERMIDVNIK
3tqmA_12-26,ISPALRELTEKKLHR
3tqsA_62-76,IDRDLVAFLQKKYNQ
3tt9A_383-395,QKSEARKRVNQLR
3ty7A_414-427,KDKETLHKVARSIE
3u5wA_6-19,MSDYDIREMIQHKH
3ukmA_269-280,ELHELKKFRKMF
3umoA_113-127,LNEDEFRQLEEQVLE
3uorA_310-324,QHKDASWKLIEYLSQ
3up9A_243-257,KKVDAIAKLEKLLHS
3urgA_6-19,RDETREHRIETEII
3uwcA_290-303,KYRDQLFQYLKDNG
3v32B_195-206,DQHILRELEKKK
3v5nA_72-85,SDFKEMAIREAKLK
3v7dB_311-324,KSTSLWKKLLISEN
3vk8A_123-134,NSEKELKRKLNE
3vkjA_172-185,QIYALEKLRDISKE
3vmnA_411-425,DVYAEFLNKMKEKLP
3votA_111-124,RNKNKTRSILQQNG
3vp5A_102-115,SPQYKLYKYRFLDW
3vskA_120-134,ITERDKKDFWIQLHP
3vwaA_224-237,ITIENFRKRLENTE
3vxvA_106-120,RSKRSLANYLLKNGE
3w1iA_297-308,GKKNLIEKIKKN
3w35A_310-324,LNDERKALAEIMENK
3wj2A_205-219,LTGKMIRYFGNMYSK
3wsfA_142-156,GSFEEFLEITKKYIH
3zpjA_225-239,GKNHYALAIIKKKYS
3zqkA_1556-1569,QSKGDILQRLREIR
4a0cC_641-655,FTSKLEGMFKDMELS
4a2pA_636-650,KTRALVSALKKCMEE
4a69C_461-475,KTVAECVLYYYLTKK
4a8jA_357-370,FNQEMTEFLERVYK
4adyA_161-175,YRLDIIESALKSKLD
4aeeA_487-501,MNYYLRKAILELLIY
4ag5C_250-263,KSFTAKMLLLREYM
4aibA_162-176,DDEVEIVLKEIKDKG
4akgA_2499-2513,SQNVVLFLRQLMEKQ
4ap5A_334-347,AVRKEYEELKKLLP
4axzA_153-167,YDENKIKKLATILAQ
4b3pA_516-529,ELVNQIIEQLIKKE
4b89A_913-927,IAFREMLIEAYKENR
4b91A_467-480,FPDTVYKKLVQREK
4bgdA_1724-1737,TSHNMKAYYKKFLI
4bigA_191-203,DDYNVKQLRKRYD
4bihB_190-202,DDYNVKQLRKRYD
4bj1A_353-366,RTFDELLDKIRNRL
4bucA_432-446,AKRGEHFREIFKRHG
4c11A_638-651,LLEKKITQWLETKG
4c3eA_140-153,KNNKQTIHLLKRLP
4c8dA_1399-1412,KNNWKIFRECWKQG
4ci7A_218-232,KDKETVKNAIMQYGS
4cmrA_387-400,SDIEKIKEFLVRYS
4comA_297-311,LDEDSARFINKINMK
4comA_534-548,TDVLNRIRYSGKWDK
4cvhA_392-404,MQIREFAKEVKER
4d0pA_199-213,RKFIEAAQRYNELSY
4d6gA_822-836,SSTQARKEYLNKLYP
4d6gA_925-939,LTKKGAIKWIEEHYI
4d7rA_82-95,KDYLESLRRFLQSF
4d81A_335-348,INMDDFREVLKVRK
4d9iA_24-38,FSQSQAKLARQFHQK
4dbdA_144-157,TKLDHITQYRRDFE
4dcaA_234-247,FGKEFGRKVLKYYQ
4dh2B_16-30,VNISDYVLMKRYILR
4dinB_118-132,KDYKTMTALAKAISK
4dncA_218-231,KYEKSYRFHLGQCQ
4dsgA_180-193,VDLERIRRNIQENR
4dteA_246-259,LSSSRIHQWRQEMR
4dxeH_1-15,MENFDKVKDIIVDRL
4dzaA_179-193,DNKSGLEKAKQISQL
4edpA_284-298,LSKEVQEKTAKALNE
4ei7A_183-197,IDNAKLYRKFEEENP
4eukA_908-922,VTLQKLRECLQQYLH
4evfA_133-147,KEDWCLLMEKWMAHE
4f5xW_984-998,DKYRILESYVYNLLS
4fdyA_156-170,YTYELAEQFSKEKSG
4ff5A_79-91,KAYKSHITELQKR
4ffbC_229-243,LKPIQVKDLHKLFAK
4ffjA_172-185,MRTDDLIQFSKKHN
4fk7A_363-377,INEEKVMELESNFKG
4fmaD_21-35,YSRSERQSFQELLTV
4frfA_110-124,ASEEYIQKCLKKDTG
4fsdA_180-194,TNKLALFKEIHRVLR
4fybB_101-114,NVKELRDYIKEHFS
4g2dA_74-88,RDIRFMEKVVKTTGI
4g3hA_151-165,MSESEEKAWQKLCSL
4g65A_262-275,RNLQRAEKLSEELE
4gfuA_258-272,FSLFDVVLKMRKQRP
4ggfA_29-43,VYRDDLKKLLETESP
4grfA_294-308,KETPYLLKTYNAFKD
4gv9A_418-431,TDLKQFKQDAKYSH
4gxtA_291-304,IREGKVQTINKLIK
4h03A_314-328,NKIENIDAFKEKWEG
4hi7A_181-194,KYPKLSAWIKRLEQ
4hl4A_61-75,LTDEIRRKVWPKLLN
4hmyB_330-344,DPIYVKLEKLDIMIR
4hnwA_712-726,RDYILDFEFNYRIGK
4htpA_84-98,IKETMLAKLYIELLN
4hw8A_315-328,KHKYWAKDLMLYIT
4i3vA_421-434,NDYRRMQKYIAGLK
4i6jB_94-108,THPELIKQIIKRHSN
4ia6A_538-552,YDIRQLLRAMYYMSD
4ib2A_246-259,KEEKIQALVKALKS
4ijsA_44-57,IKGREIKTSLAKRS
4in3B_491-505,TGWEQLLKYRSKIFV
4jr7A_288-302,LGTSDFEKYLLKYEI
4jx2A_78-91,INISQTLFQSEMKK
4k6nA_106-120,QRVEDMLQVIYERFF
4kblA_140-153,WDKEKLMERYFDGN
4kd6A_81-95,WVKEWQRYYTALRSL
4kyqA_107-121,QKPEDIDHLKQEQNV
4kzsA_268-282,EVDEKNKNFAITRLQ
4l0mA_162-173,EKNLETIKKNFK
4l22A_741-755,FSSDRTIQQYDKDIW
4lf0A_310-324,LDAEKARENVEKITR
4lqeA_128-142,LNKTAGQTQKWQCKY
4ltyC_315-329,EYLHDIQRKIQALTE
4lvnA_626-639,LSYKKVIQILKDSI
4ly4A_40-54,EVGIPRLLKLFKKYH
4m7uA_23-37,HLPNDLKFFKEKTIH
4maqA_113-126,TRRDLQAEAKKLSR
4mzcA_6-20,EAVKKWVNKIIEENI
4n7cA_152-165,QNKKAIEEDLKHFN
4narA_330-343,HCKDYVKWYLKKHP
4ne2A_151-165,YDMHRLVKFVSDLKS
4nekA_196-210,KPRSILVQIKALMKT
4nesA_240-252,IHPRTKKRLKEFN
4netA_128-141,KTDQQVLTFFKDWK
4nscA_341-353,KLTAMQRQLKKHF
4o7iA_204-217,TDQSRSKTITERLQ
4oc9A_347-360,KDYEHARRICDKTQ
4oj5A_200-214,DDTSKLKEMLSDINN
4ombA_99-113,MKDVELQAFEQKYGY
4oojA_580-594,IPESQKQDLSRLLSR
4ozvA_77-90,LNVKAEKTFRSQIK
4p17A_51-63,SNETKLKEMIRKG
4pe0X_48-62,KEQEVVDKVMETLDS
4ppuA_186-199,NINKKIWNMYFRDL
4pxgA_203-217,LKSGYMTSILRKYVL
4pz7A_292-305,VDEKEWEKLKSFNV
4q34A_150-162,RDKETLDQYFRQM
4q5tA_247-261,KKAAAIKKLIKAYHT
4q6jA_131-145,ELAIADKNLRKIKDL
4qtsA_137-150,ISEKEIEEIKRIFG
4qvrA_249-263,YSDKIKGMFEDIKHG
4qwvA_170-184,TNGREAVEKYKELKP
4r1hA_103-116,INKEKIIAWVKKVE
4r6iA_334-347,YNIKFIRHIKQRHP
4r9nA_178-190,EDTEMKTDLSKNK
4rebA_396-410,FDEQEKGIVTKFYQL
4rhjA_181-193,VSSEDRKVRKLHK
4ri1A_167-179,KDKKGYNDQSLLK
4ri1A_44-58,ISLKTHLQFIEDLKN
4rk0A_136-150,ISNQTINETLRAKKI
4rouB_360-374,LSPEEYECLKGKIMR
4tq0A_160-174,DRFDQFWAINRKLME
4tqgA_61-75,RDFEKVQQSIMRINP
4tr3A_175-189,ARMSAFQRLVTKYQR
4twbA_143-157,HPYHQIARKIKEIIE
4tweA_52-66,LDAHRIRENLRELSR
4u1cC_650-662,KSIRRSLEHYDKL
4uasA_49-63,TGGKERIARFLRHQK
4uetA_43-57,KNTEESIAALKKKSP
4w4tA_1224-1237,LSEKEFQRLSEEID
4w5kA_344-358,LTREQVELLRSEYHI
4wjlA_517-529,SNSMLKEAILKKK
4wodA_533-545,MKEEDRKQLVEDH
4wu0A_2-16,QKYSKLMADSIIAKN
4x8qA_189-202,ESKEINQVYKLASK
4xgcC_183-197,CTMKQLKSWYTNNFD
4xllA_169-183,YNKEQAKKIAAQLLY
4xrpB_152-164,QSSLYEKLQKIQQ
4xtkA_46-58,LNKRFLEFLSQKR
4y0bA_213-226,FNEDKAKEVEKSMN
4ynmA_2174-2187,VSEQEFRNRMIEQY
4zcfA_152-166,IDLDEAKRILEFTTK
4zdtB_382-395,IDVEEFQLWLKRKN
4zu9A_442-455,LNEELLKYILDELK
5a6sA_40-53,KYYKQNYTNTKAQG
5a7lA_3-17,TDTSNRLKQIMAERN
5abhA_318-332,ITRDGISWINERIKR
5affC_155-167,TREETIRWFKQRF
5ai0A_86-100,FSIKEIFDKAISARK
5aimA_572-586,LREQFYESVSKYMGS
5ajoA_410-422,NIQSRLELRKKLS
5amqA_927-941,KPVIEQIMDMMIDHK
5an3A_3-17,VEKDLKTAYKALYDE
5ao9A_176-190,PRQDWEERLRERLGT
5b2rB_435-447,DNREKIEKILTFR
5b2rB_643-654,FDDKVMKQLKRR
5b6qA_62-76,CTDEDYKSAIEYMSK
5bjsB_2623-2637,QYLPRYFLRFVREKA
5bo7A_280-293,NIMQHVNRYWKNKH
5bv3A_324-338,RGLEEELTKQLERDG
5bx1A_141-153,FNSKQLLYLEKYR
5bxdA_103-116,KDYTLLYEEAKYFQ
5bz1A_220-234,TDQFGCRFLQKKLET
5c16A_461-475,RTIKGFETLVEKEWI
5c3uA_317-330,ISLAHLDEYRKKYM
5cd2A_289-302,KMKPLLRVIERNKG
5cffE_949-963,GSMKEQLLYLSKLLD
5cr4A_211-224,EGYPKRLTQVKQFK
5cvmA_98-111,PPKKFISRLRKEND
5cy0A_19-32,YDNAYCDKLCKDKK
5czyA_153-166,YSEQEFEQYLKEHV
5d22A_53-67,TCLQTRLELYKQGLR
5d50E_29-43,DSHLMKLLRELDKDG
5d5nB_70-83,EHPELELKYLNMMK
5d73A_107-121,QAYDTEKDSYIKDIL
5d84A_309-322,YSDTWLEKMKSRQG
5d91A_-112--98,LTLRERIEKTLQRAG
5d98A_204-216,QTYEQMKDYCEKF
5deqA_177-189,MDKRNFRKRVAEM
5dpoA_42-55,SHTKLKSLQELSEM
5dxnA_215-229,DDFTDEDMFRALKKS
5e6fA_38-52,DNWEYNVTKDLTKYN
5ekiA_56-69,KELWVQQLMQHLDK
5elpC_25-38,KDHYEFWNNIKEGK
5exrC_408-422,ISMKDVYEEFDEKIA
5ey1B_58-70,KSQRIIQMLEERH
5f6qA_13-26,SNLEKSIEFYQKIL
5f7pA_267-281,SEFYFRNRGEELKEA
5f9sA_222-233,FSDKAKKKMYSR
5fewA_115-129,MPDVISDIVKEIKKM
5firA_303-317,LRIPVLREYLEKELS
5firA_397-409,RVEDEIFKRRQQD
5fxuA_231-243,MKLEKSFETLVQK
5g5sA_652-666,INESIMQLLYDLTKM
5gjuA_190-203,MPEAIRRITRRFMK
5gkkA_134-147,GNHERLKRTLEEIR
5gmoA_34-48,RSEEKGANLKKLYGD
5gugA_502-514,PNRERQKLMREQN
5guqA_132-145,LRKEETQKLVSLTS
5h9cA_515-526,KKFQLMKEHVNK
5h9fD_134-146,LDDKKLLKVLKED
5hiuA_513-527,LQRDDCMKFLIRVQH
5hmoA_912-926,LTEASLQKLQQLRDE
5hopA_17-30,GKNEKIKPILLETK
5htfA_122-135,VSESKLKAYYKTWE
5hy7D_59-73,EPVAKFRVQMIRKML
5i4aA_590-604,YTIEEIIEQIYLLTR
5i6rA_320-334,LDATSDKQRLMEMYN
5ibnA_394-406,MDLSTVKRKMENR
5id6A_72-84,KNLNNYISLFRKK
5ifeC_490-500,EEQKERKIMKL
5ifiA_506-517,RDHKRYLETYMK
5inwA_148-162,KSMKYFARLNGALYK
5irmA_427-441,FSEEGIELYLRKCHR
5itaA_685-698,CPKRMKRLMAECLK
5j6qA_559-572,LSKSQEEVVELRLK
5ja9C_7-20,ESTIFEKYRDEYLS
5jhoA_151-165,LNDSMRVKVREALLK
5jjgA_126-140,LSDQFHDILIRKFDR
5jp1B_42-56,QMRKLMNAYCDRQSV
5k04A_700-714,LKLVQRQHEIIDSMD
5ks7A_266-280,KSLQAAITVMKEKRV
5ks7A_326-340,TLLRDTVQRILKRGY
5l7sA_266-280,TEEEDIIKLVHMLRN
5l9wB_412-426,LNKAKAEKAIREKIA
5lq5A_236-248,KQKSHKQILDMFN
5lstA_618-632,RPCYLRVCKVLRERM
5luqA_2356-2370,MEDKFIVCLNKVTKS
5m1rA_263-277,KIVKDLMSKAEKNGV
5m45B_242-256,RQTLSKISNAFKERG
5n9jY_173-186,LDSKLLLQLFKQRI
5ngwA_356-369,GDQYLKILKEEFKV
5nlmA_195-208,KNDAYKWLLHHSKR
5nreA_314-328,WHDESHLNKYFLLNK
5nvrA_586-600,KNQEGNKSLLSLLRT
5o7xB_436-450,LTFIEDLQERYAKQT
5oayA_63-76,MSEDERRALKRRNA
5oc1A_115-129,WNWDNIQQFVRKNEM
5oj7A_175-189,TKRSELQERFLNLNP
5ok8A_158-172,LDKQIVDKVREELGM
5palA_38-52,KTDAQVKEVFEILDK
5supA_222-236,EELDMRRDVQEIFRA
5t1oB_250-264,SDTRLRRELFAEVDK
5t7zA_43-57,EHKSTILTMLRQRLP
5tf0A_29-42,QDMDRFIDALMKKM
5tnuA_332-346,RDTQMAYRISKTFLI
5tvlA_129-142,NNEDKAKEVLEKAK
5u50C_108-122,ESWNTFKQIFETYMF
5u56C_173-187,YGAIYEYKKRLFARD
5u7zB_261-274,TSYEEAKNLLTKTK
5uj7C_105-119,INDKIALKEITRQLN
5ukhA_490-502,HSVREKEFLKNKD
5ul3A_718-732,DHRLHNTLKRWFSDM
5v9xA_622-634,LDRKAFDKRCQKM
5vipA_254-268,REASARVRRLLREQW
5vjcA_1151-1164,NSAKNQRLLDEQKM
5vntA_67-80,LPKWKQNKFKMAVQ
5vw1B_1-14,MNINDLIREIKNKD
5vz4B_299-313,SEESLCKIFQHMLHR
5wc2A_228-242,LVTKMFQKIQDLIDD
5wgxA_339-352,TREAEQKFNYFVQK
5wp4A_362-376,QDKPALFRTFFKWLK
5wtjA_365-378,NSIKEKIEKILAEF
5wtjA_378-389,FKIDELIKKLEK
5wxxA_196-210,TEFHLLTKSLKLKGI
5x9aA_114-128,ISREEMFQMLKTCLV
5x9yC_243-256,QNKNLKEFLRKVFG
5x9yC_286-300,LKERKFLELVRELAG
5xs2B_16-27,LDKQDLLKERQK
5xs2B_244-258,FDERKEMATILSKMP
5xwpA_529-540,LEKYKILNYLKR
5xyhA_63-76,KDVQLKAKMQVVKS
5yblA_89-103,ENDLMHELLQRVFSK
5ybwA_10-24,VTVTDIKKAYDRISK
5ymaA_220-234,APEKVIKKVDAKVEK
6aqjA_310-324,GHQIEKVGRELREMM
6bmsA_86-100,RPEVQKQILVDIAKK
6bq6A_267-281,LSAEELDIRMRQRII
6bqyA_28-40,ISEEDLLKKLKEN
6bsuA_124-138,SDWDEQRRDWLKQNP
6bwcA_38-51,RSEYNQFLLQEEFR
6bxnA_7-19,DLERILKTIKDKN
6bzhA_99-111,KLEEHRLLLRRLE
6cibA_186-200,VHGELEELRRSLERE
6cojA_251-264,RDEKFQRHYAESAK
6d0sA_183-195,KTRLEKFRQLLSS
6d6yA_865-879,ISSVFTRYGESKFKQ
6djtA_2-14,IPEEIYKILRKQR
6ek7A_254-268,QLKKDYDKFVGLSFT
6ewjA_136-149,CDYDRLFQVVEKKR
6ewlA_60-73,LDRRTLHQHRLQRT
6g1uA_257-270,NSDEELIHCLREKK
1a4pA_25-39,LTKEDLRVLMEKEFP
1a9nA_150-162,VKLKERQEAEKMF
1a9xA_69-83,IHWEVVRKIIEKERP
1a9xB_1613-1627,IDTRKLTRLLREKGA
1ae9A_253-267,ISMKETLDKCKEILG
1amuA_39-53,KTIHQLFEEQVSKRP
1anxA_279-292,IDLFNIRKEFRKNF
1aorA_378-392,NTEVLHYYIEKIAKR
1aquA_198-212,EDIRREVVKLIEFLE
1aupA_273-287,TTEEKINYMLEMRAS
1b3qA_363-377,NRFPRMVRDLAKKMN
1b72A_210-224,FTTRQLTELEKEFHF
1bb8A_58-72,ISLREKIAELQKDIH
1c4tB_184-198,RKRVAERLLEAKNST
1ccwB_46-60,KNFAEKLVLAKKKGI
1cisA_30-44,KSVEEAKKVILQDKP
1d1rA_88-102,DKRDLLKSLLEAKGM
1d2nA_694-708,FKDKERTTIAQQVKG
1d2zB_107-120,QSKSQMMIDEWKTS
1dljA_46-58,QDEYIEYYLKSKQ
1ef1C_553-564,RDKYKTLRQIRQ
1ekeA_211-223,HWKTCKRILDKSK
1evyA_46-59,MNEEEVRLVNEKRE
1f7cA_273-287,MMYQFQRSFIKAAKL
1fkaD_70-84,ISERQFRNLFEEASK
1g7eA_98-110,DKLNMELSEKYKL
1gkuB_956-970,FTQSEIIQMMKERGI
1gsaA_142-156,RNKAQLKAFWEKHSD
1h3oB_58-72,LTKKKLQDLVREVDP
1i1gA_3-17,DERDKIILEILEKDA
1i4wA_78-91,KRSSLYKFLNAKFE
1ileA_718-730,WYVRRNRRRFWKN
1iqcA_116-130,SMPQYRERFKKVFGS
1iufA_10-24,TEHEKRALRHYFFQL
1j6oA_36-50,VNLEDSKKSLDLSKT
1jc2A_129-143,VIEEDIEDLMKDSDK
1jykA_218-231,DSVQDYRKLEEILK
1k56C_127-140,VGEVRMQKYLKKFS
1k8tA_606-620,KNWEMTGRFIEKNIT
1lnsA_31-44,WDEKKILKDFLIQS
1lxnA_86-99,RGLRDKVESVKEKI
1n0eA_86-100,TQKDTRTLKRLIFAN
1n2sA_160-174,NNFAKTMLRLAKERQ
1n81A_144-155,REVKEKKRIMND
1nmoA_76-90,RGMKRNRLKTLLAND
1nr4A_54-68,NNKRVKNAVKYLQSL
1nrfA_514-528,FKQSNIETVKDSIRL
1o20A_322-336,KNVDEAIEHIKKYST
1ob8A_115-129,IPIEDLFKILEKRIE
1odhA_100-112,ICDKARQKQQRKS
1okrA_108-122,LSQDEIEELRNILNK
1orrA_60-74,RNKNDVTRLITKYMP
1p6xA_184-198,LNVEEHIRRLRTRAR
1p99A_248-262,DNKTYAKIVELYHSK
1puzA_4-17,FDDIAKRKIRFQTR
1q1vA_341-355,VTMKQICKKVYENYP
1qp8A_99-111,KRIIQYGEKMKRG
1qydA_41-55,SNIDKVQMLLYFKQL
1rkuA_186-200,HTYEDLKREFLKASS
1rkxA_67-81,RDQNKLLESIREFQP
1s04A_77-91,KSIEEGIQVYRRFYD
1tvcA_162-175,FYIDELKSLERSMR
1u1jA_14-28,KRELKFALESFWDGK
1ukmB_20-34,KNWTEAEEICMQQHK
1uptB_2189-2203,RETKTMAKVITTVLK
1ussA_178-192,LTYKEMILKSMPQLN
1uw0A_51-64,YHIKCMFEKLERAR
1uw4B_768-782,RPPLQEYVRKLLYKD
1vbfA_100-114,INEKMYNYASKLLSY
1vdhA_205-219,EDPVQFKKIVYEMRF
1vj7A_159-171,KQERISRETMEIY
1vpyA_148-161,NFVKQMLQFMKENQ
1vzyA_183-197,TDDETITKIEQRLSQ
1w1wE_483-497,KAIVQMAKILRKELS
1wi9A_103-117,SGFLTEFINYIKKSK
1wz9A_237-251,EDESTGLEKIEKQLN
1x0pA_201-214,MDSDTIRRLRLKYS
1x9xA_53-66,IGDRLKILRKSKSF
1y08A_109-122,QNKDQIKRYLEEHP
1yvpA_239-253,KDELEIIHLIDEYRL
1z7mE_8-22,KGRIQKQVTKLLENA
1zlpA_298-311,ISLESWYEMESKFK
1zthA_3-15,DLKKIESYLDKLR
1zxeD_923-937,STGMERVNILKKLRS
1zzmA_136-150,RTHDKLAMHLKRHDL
2a6hD_652-665,LFKPFLLKKMEEKG
2a98A_532-546,VTKPRYMQWRETMSS
2amxA_272-285,ESDELIELVKKKDI
2bjdA_60-74,GYEEALSKLLERIKQ
2c2qA_101-115,WRPDELRRKVEHYRP
2cdcA_342-354,NDEKELLKVLREK
2ckfB_73-86,DDFEELKQRVERLY
2cpfA_412-425,KKPEQAQKALKQLQ
2csbA_476-490,IDRERAERLLKKYGG
2cv8B_13-27,KNIEDARLIYKMGYY
2d8bA_29-43,ISRDAFQALEKLSKK
2d8rA_34-47,LDPKRRKEWVRLVR
2dm0A_23-37,ITRNQAEHLLRQESK
2doaA_26-40,YRKAELLLRLQKDGL
2dqbA_39-53,RTPYQKDRDRILHTT
2drpA_151-165,TRKDNMTAHVKIIHK
2dsmA_43-56,ILRENLERYLREQL
2dwkA_192-204,KKLSEYMKALINK
2f3jA_123-136,ERRADALKAMKQYK
2f48A_342-356,LNIEKMKEIFVAKLS
2fepA_195-209,SKKLQGYKRALEEAN
2fl7A_199-213,MEPKQSDEYLKRVSV
2fnuA_196-209,NDSELHEKMKLFRS
2g1eA_25-39,SKISELLERLKVEYG
2gakA_131-145,HKIEMLDRLLRAIYM
2gauA_21-34,LNEEERELLDKEIQ
2gigA_54-67,FKQYEYLNDLFMKN
2gksA_149-163,KTPKQVREEIKSLGL
2gmqA_39-52,LKNTRAMEMWYNKQ
2gn4A_44-58,RDELKQSEMAMEFND
2gtgA_23-37,KTEKEILDAFDKMCS
2gx8A_82-96,DKAYGKIIEKCIKND
2h0uA_166-180,YDQEKVEAYLEEKGY
2h4pA_128-142,LLPTYLQLSKKYYKA
2hhzA_1-14,MELKDIMHILEDMK
2hx1A_205-219,DSQMFMFAYDMLRQK
2i46A_226-240,QDLDVQKKLYDCLEE
2i87A_128-142,MDKLVMKQLFEHRGL
2iidA_94-106,KHRIVREYIRKFD
2ilrA_464-478,MTPEKFSVLMEKLCK
2iu1A_287-297,EKIREQIKKYR
2iwbA_451-465,LRQDEVKSYLDLIEY
2j9oA_185-199,LSPRSRDRLLDIMRR
2jgdA_549-562,VEMKRLQELAKRIS
2jviA_60-74,MDGIEILKRMKVIDE
2kjyA_3-16,MSTTEVRERRRSYL
2kzxA_106-119,KVKKFFDLAQKALK
2l69A_33-47,RSPQELKDSIEELVK
2lbbA_50-64,QLQEKYKWEAWNALR
2lt3A_13-27,ISEEDVKQVYSILKE
2lvfA_3-16,EAQEECREQMQRQQ
2lxfA_48-62,FFRKYTKKEADALSL
2m2kA_35-49,DNWRSRISGRLNRFK
2mp4A_149-162,MSHKELLNKLGEKY
2mpcA_16-30,LVPYDFEKFKFKLQN
2n3zA_55-69,VSEKLLQKIKQEANV
2nogA_810-823,LNDEELEEKEKLLT
2nraC_226-240,DVLNKAIAEIKKKTE
2nt2A_413-427,WNLDRAYDYVKERRT
2nuwA_49-63,LSKDEKRQNLNALYD
2nwuA_64-78,RILDSARKYLMKGIE
2nyvA_108-121,KLEELSKKILDILN
2o20A_130-143,LDEKIRTSLKNSRT
2o70A_126-140,NNKADIVRQLSERLK
2ogkA_130-144,SKREKVIEFARELCT
2olcA_156-169,LEPKVKKQLVKQFT
2oluA_182-196,YSKDDIFQVYLNKIY
2p1aA_61-74,STEKELHTFYKEQT
2p6yA_13-27,MDLKQQIVQLVQQHR
2p7sA_5-17,DREWEKFKTKHIT
2pi7A_1067-1080,ETRNDFWKMVLQQK
2pk3A_49-63,MDSQRVKKVISDIKP
2plnA_53-67,KNALSFVSRIKEKHS
2ppqA_297-311,DPLEYLRKLRFHRTI
2pusA_298-311,SNKKKLLSMLSDYW
2pvuA_229-242,SGKYTEIYKKWFGK
2pzzA_14-28,EDKYKVKKAILNIFP
2q18X_28-42,EDPIKALMRYSENKE
2q40A_120-134,FKKVKDEENAKAISL
2q9uA_108-122,CTKKCQEHLKILYGM
2qdeA_84-98,TKIEKIVGRMDILTR
2qenA_72-86,ITREELIKELQSTIS
2qg7A_214-228,LNENLYKELQVTQKV
2qhpA_159-172,YTKEVLRESFKRCN
2qm4A_184-198,FEENSFLEQFMIEKL
2qqzA_78-91,LKIDEFKQELIKQG
2qr3A_63-77,NEGLFWLHEIKRQYR
2qtdA_64-75,ISEENYKKFSKK
2r0bA_141-155,MKYRDAFAYVQERRF
2r7kA_74-86,KNEEIQEKLRELN
2ra8A_319-332,LSDEMKKELQKSLP
2rjiA_63-77,DSEEYYDCTKREFDD
2rjyA_61-74,LPLWKQQNLKKEKG
2scpA_70-84,IDETTFINSMKEMVK
2uuuA_374-388,EFTSAMVKKYLHYIR
2uy1A_28-42,KDYRSLESLFGRCLK
2v79A_1-14,MKKQQFIDMQEQGT
2voaA_168-182,FHEDARRAYKKILEL
2wdtA_126-139,MSAEKRGQELKNNK
2wpvA_258-271,KDKSYFLNLKNHYL
2wyrA_1-13,MSMIEKLKKFTQI
2x6qA_161-175,PNREFWEFLRRFVEK
2xigA_43-57,LSPEEITHSIRQKDK
2xu0A_413-425,YDKEFYENLDKKS
2y8nA_33-47,AKESTQKLMDIYYTL
2yjtD_282-296,MVQGKRNEAIKRLTE
2yk4A_297-311,YVIEDYILREIKKNP
2yu4A_68-82,QDEALRRAIENHNKK
2yzqA_77-91,DTLKKAAKLMLEYDY
2zg6A_205-218,KNLREALQKIEEMN
3a10A_58-72,ISGLEVAGEIRKKKK
3a3cA_429-443,DCVEKFQHMQDCFRK
3a62A_316-329,LTQEARDLLKKLLK
3adxB_250-264,YDMNSLMMGEDKIKF
3ahuA_5-19,NIQDQFLNQIRKENT
3al0B_423-436,KLIEELVKKAMEQN
3aqvA_56-70,DVVGKIKREIQNLKL
3b0cW_5-19,VPRGTLRKIIKKHKP
3b13A_1369-1383,ERREDFQMQLMTQFP
3b57A_70-84,QEATKTLINWMETKE
3bfxA_199-213,RDPKHEIRKVMQFMG
3bi7A_590-603,WTKEGKDRIKKLGL
3bmvA_282-296,LDFRFSQKVRQVFRD
3bmxA_405-419,DSTKEKIAKAKKIVG
3bofA_2-15,RNRREVSKLLSERV
3bt3A_149-162,KDMDKTVKWFEEIL
3c9gA_233-245,SLDRFRELLRKQR
3cf4A_530-544,TKDVYYIAEEFLKRN
3cf6R_91-105,NDLQDLREQILRVKD
3ci0K_259-272,VDERTKKQLKTVLS
3cm3A_1156-1170,ENPSFKRQIIEKYVI
3cniA_78-92,SDLKEAEEAVKKEKA
3craA_247-260,ETMEEVWQQVKRQE
3cwoX_211-223,IDVRELKEYLKKH
3d3aA_237-251,ANIDEQFKRLKELRP
3d9xA_483-497,VNFGQLKKIETEVKE
3da5A_17-30,RNKDALRDFLKEHR
3da5A_80-94,NTPELKKEFYKKFGP
3dcyA_58-72,DLMRTKQTMHGILER
3dczA_59-73,VDEKEIEEIVKKTGI
3dfaA_208-221,KNEYDILKRVETGK
3dffA_214-228,VKPEMRSQKFQAVER
3dfgA_32-45,HSKKELNRKLQARG
3dh0A_120-134,SEPLKFLEELKRVAK
3dh1A_158-172,YRAEEAVEMLKTFYK
3dkbA_6297-6308,EMKEKLLKEYLM
3dnhA_240-254,ETLKQFEKALAQLLK
3e13X_248-262,KNQDAAKKFMEFMLS
3e38A_137-150,KDYKDAFREAKKQG
3e7wA_221-235,NKPKVLFEELKKSGL
3eeaA_71-83,KIPLLKSMLRKRQ
3efbA_11-25,ENLWLEQQLKQKFGL
3egwA_919-933,NTQSEMDLLRKLNYT
3f02A_120-134,VNEEFLQMMKKYFNA
3f1bA_102-115,KHRKSWMVLYRQAM
3fhfA_110-124,ENEKVAREFLVRNIK
3fkqA_36-50,TDEKNAIESVKEYRI
3flhA_1-15,MNDKKIELLTTYLSL
3fn2A_72-83,LSEKELKDKYRY
3fpfA_199-213,EPKRRVFRNIHRYVD
3g0tA_166-179,GEKLREKLESYLQT
3g3rA_312-326,YTVDQVFAKMRKEGK
3g5lA_73-86,LSERMLTEAKRKTT
3g6sA_25-38,YRKDRVCQFIKDHE
3gcgB_137-151,SNKYFNQKVDEQCGK
3gd6A_198-212,LNWKDAHRAIKRLTK
3getA_315-327,KNSTDLSEKLLKK
3gf9A_1293-1307,EDTDFKEFLKKLASD
3gkeA_291-305,VKEDKVVVEAIERRR
3glvA_13-27,LHLGHIHYLKESKKL
3gmiA_62-76,LHKGHKYALEKGKEH
3h4pa_195-208,FEDEEIEKILDSMK
3hg7A_116-128,RQLPLYREQQKQR
3hkaA_110-123,RDLQVYREYFAKKT
3hluA_13-27,AKRKIIADRMLQELD
3hupA_124-138,DSEKDMNFLKRYAGR
3i0gA_185-198,SMRRMEMISDFSER
3i1iA_357-369,LFEKKVYEFLNRK
3i6iA_70-83,NEQEAMEKILKEHE
3ibgA_320-332,RGKEKLEKFSEML
3icjA_375-388,VRDDQLERIKELKV
3ig4A_403-417,REVEEIEEFMRENNV
3ipzA_121-135,ENEMLRQGLKEYSNW
3jurA_5-19,ELAKKIEEEILNHVR
3k2dA_87-101,QHKPYLDRQVEDRDY
3kaeA_3-16,SKLIGKICKSIRYR
3keaA_269-282,KNKELRLMYVNCVK
3keaA_9-21,WKSKQLKSFLSSK
3kevA_4-18,ADKKAILELFQTYKE
3kt7A_292-305,LSFHEVKHFEKMLK
3kxiA_66-79,LKPRHFINIRRELK
3kzvA_198-212,MSAEQLKMFRGLKEN
3l7iA_334-346,KNKERSLYDLTDK
3lm3A_460-473,LEKEDQDLIRKYYP
3lx6A_324-338,LTPVLWKYLYRYAKK
3m62A_359-373,SDFKEADAFYDKNRK
3m84A_16-30,GNQAVERMKQHVKKT
3m9gA_522-534,KSFSKAKKALEEK
3mcmA_282-296,NNIEQKAQLIAKYNK
3mgbA_203-215,STLERMRELEKRS
3mzlB_566-579,KSSLSRILYSISKR
3nbxX_207-221,VTDEEYERWQKEIGE
3ooxA_295-309,ITADEFLQQRLREIK
3op6A_1-14,MPVKKLKQFLDSHK
3paoA_226-239,EDERLMRRLIDEQI
3pdkA_152-166,YFEGGQKYLQYIKQT
3qavA_185-199,SYPNIFKYYNMMMDR
3qf2A_79-91,NRRDLYEKAKRDE
3qyfA_144-156,KVIYRILKFKEQD
3rc3A_671-684,HNITKLIKMSETHK
3rssA_-1-12,HHMKEIDELTIKEY
3s5rA_51-65,KTRDSLLDTIIEERI
3s5wA_268-281,REHAERERLLREYH
3s8sA_172-186,KGQQRMKYYELIVNG
3sfzA_573-587,TSEVYRQAKLQAKQE
3si5B_55-69,GSQQKRAFEYEIRFY
3sqnA_90-104,QSISIQLLKELLFTK
3syjA_279-293,VRKSYFDEIFERDLH
3t8iA_217-231,VNKTLKEYTTKNQGI
3tfiA_275-288,LGKEKLKEIKLKGP
3tifA_72-86,LDDDELTKIRRDKIG
3tmgA_260-274,GKEYRNAVEFVEKNK
3to3A_1-15,MDMYHTKILKAIESE
3un6A_252-266,NDRKQSVDIMTHHFK
3vgpA_499-513,KSEDEAIKIAKKRGV
3vocA_303-317,YDYNRLIQKFKDADL
3vskA_153-165,IKQDQYDKQLLSK
3w4rA_386-400,KNILIKLLHKHMSAY
3zdbA_210-222,VAEKWRKKLETHK
3zfjA_148-158,RTKEEIKRQKQ
3zh9B_127-139,RKKLTKALKKHAF
3zrhA_638-652,GNEEQQEKLLREWLD
3zthA_265-279,YDVEFMYERVMKYYP
4a0cC_583-596,LEKMLDKIMIIFRF
4a34A_106-118,LRREDFYERSKKA
4a3pA_33-47,VDSRWFKQWKKYVGF
4abnA_134-148,KNKVSLQNLSMVLRQ
4afxA_153-167,VKETFFNLSKRYFDT
4aj9A_80-94,EDFIFRQKLQHFDHE
4ay7A_159-172,VSVKSFMKWSIKKT
4b0zA_198-212,ENTKETEKLAEERGW
4b56A_853-867,KRESSWVEELLTLHR
4b5oA_159-173,PSQKLLKFLNKHYNL
4bbrM_200-214,TKEFGKTLNIMKNIL
4bg2A_205-218,KGKHLEQYTQKNLS
4bihB_141-152,KDEKIKKEIENF
4bjsA_17-31,FSKKSRRLVARLRGF
4bszB_138-151,GKEEVETYFLKKYD
4bwrA_411-425,MNLFGTENRNITEKK
4bxhA_136-150,SDIEETFKRLVHKLN
4c1hA_217-231,NEWSTSIENVLKRYR
4c23A_294-308,GLWIIEELRRSFERR
4c23A_312-325,YSFDDIRTMVEKEK
4c2mB_441-453,KDKRYMSRVLMRV
4c3sA_298-312,ITKEQQEKLTNLVIT
4c4oA_202-214,KKKEARDQAKKLG
4c8dA_1654-1668,LDQTLRKRLYEEYGV
4ccdA_112-126,GYEWWLMKEAKKRNP
4ciuA_182-196,GRDEEIRRTIQVLQR
4cmlA_455-467,LDVEKVKKLIEEK
4cn9A_119-131,KTKEDIKKGIQDM
4cruB_16-29,MLEREKIYQWINEL
4cw5A_630-642,IDEKTKTLIEEKY
4d70A_44-55,YSEEEKKKTLEE
4dccA_20-34,LDRERCIENFKKIGF
4dcgA_116-130,VDEEYLRSIKKQLHP
4dteA_97-111,LEKVFRRSLSKAFQS
4dv8A_311-323,LSQEEKELLKRIQ
4e0gA_223-237,ENYRQVLKICEDCLK
4e45E_680-693,LSEEEFKLWNRLYR
4eeiA_53-67,IRPERVDEIEKVTKH
4eswA_250-264,QTDLNTKKFQRCYAY
4eueA_362-376,SDYKGYKKEFMNLNG
4f2vB_2-16,KQYLELMQKVLDEGT
4f4fA_448-462,NELKIVEEYVRHHSR
4fe3A_263-277,DRVDELLEKYMDSYD
4g1pA_304-316,DKKEDILMHRWRY
4g65A_31-44,KDGDRLRELQDKYD
4g7aA_193-206,ISKQQLEKLKSVMV
4g97A_171-185,RTKDEALALYEKEKP
4g9iA_51-64,EDIEAFIEDLYKKK
4ggfC_32-46,LNQGEFKELVRKDLQ
4ggfC_54-68,KNEKVIEHIMEDLDT
4gpkA_86-100,LDKQQVERIYEELQG
4h83A_247-261,HNDKRSMRDVRYQGS
4hcwA_190-204,VNKDITQKYRTILDS
4hm9A_333-347,GEGLQLMNLMLREKK
4ht4A_63-77,KDREYLWNKVHDVEN
4hu3A_757-769,ETKEQFEMLRKIH
4i0wB_520-534,LYGERIKYYLIKGAK
4i6xA_34-47,SDPKDLKKLLRTRN
4iedA_14-27,ENQFMKEIFERKGL
4ig8A_279-292,KNPIIEKYLRRQLT
4ijaA_107-121,EKVSSILSIIKKHID
4ineA_305-319,PDTEKLFSRIYKALK
4ixaA_154-168,MRIKEFELLWYLASR
4jg4A_11-24,KKNEDFQKVFKHGT
4jgpA_130-142,DRSFFIKAKETKK
4jzaA_480-494,YDKDSQSLLVTAKKY
4k2mA_203-217,SDMQHIRQIANRYKL
4kisA_188-201,QSITFLQKRLKKLG
4kxfK_672-686,LNKQDIKYLGKIFSS
4kzyH_75-88,IQVRLVRELEKKFS
4l6uA_237-250,LTLLDLFEKEFKNK
4lflB_130-144,ETPENKKLIDKIDNI
4lgyA_235-249,KSLFKMIKNTFETTP
4mjgA_102-115,MSFERLEKLVTENK
4mllA_127-141,IGLNKIKNYLKDFDY
4mloA_197-209,TNRMILKKELESR
4mmoA_1-14,MDEELYTLIEFLKK
4mmoA_237-249,LTEEERELIKKYD
4ms3A_324-337,MTSQEFVEKLTKRL
4natA_47-61,FSLEERMDLIEQSVK
4nhxA_337-351,LPEILKECMKLFRSE
4nknB_89-103,FHQNLKNLLTKIMLE
4nmnA_63-77,LDFVLIKDHLEKKNL
4ntwA_381-395,PSKASAKYLAKKYNK
4o7kA_175-188,IQVSKLREQCRKIL
4oseA_179-193,KNEEDWDYLTKYSVI
4ovtA_273-286,EKDNEMIEKMKEAG
4p0tA_73-87,HSKYSLQNTEESLRH
4p6vC_58-72,KGSKQIVELFNKSIE
4pjwA_139-152,MQNSEIIRKMTEEF
4pugA_122-136,MNLVKRHRLVYHLLR
4q1vA_79-92,ITREQINKVLEENK
4qdnA_104-117,KEPEKYFRLLQRYG
4qikA_312-326,SHKSHMQSIIDKLQT
4r9nA_188-202,KNKYISEVLEEGKTV
4repA_327-340,EDYKTEFEHIFEHK
4rvqA_344-358,KQLRDIENDLMELFD
4tpvA_46-60,YDCTLEEKAYKSAEK
4u09A_398-411,ISPKEKERIRKLLP
4uvkA_88-101,SKQDQETYLETIKD
4w9rA_343-357,GDDKKALKTYQKAYT
4wftC_368-382,ITPKMCLLEWCRREK
4wk5A_254-268,GLHRTFDFLRNLKKM
4wohA_141-155,HEVHQYRQWLKEEYG
4ww7B_116-130,VDKEQLRTIMTSIVK
4wyqA_375-389,VTPKVIKLLEILRKY
4x7rA_359-372,SVKDKIAKMIEDKN
4x8qA_0-14,SMKQYVARLEKDFSL
4xlgA_286-300,LKWCDVIYYSIKLNK
4xlgB_684-698,ITMNDLINKLRNKDS
4xohC_289-303,DSKKVCQKWLQVMNS
4xq7A_284-298,HNAIIEDCVRKQLKK
4xr7L_518-532,IDDKFKDVLKYLISD
4xz7A_55-69,LNWEAFSKKLKDYSS
4y7iA_361-375,RTFKGLMILIEKEWI
4yo2A_264-278,KSLRVMSQKFVMLFL
4yycA_189-203,NKRHLDMVYSHIRYS
4zevA_213-227,TNKFEGVKEICKYYN
4zxgA_39-53,GDAFVEFKNFKKEKD
5a2nA_180-193,PKERSKMTYFFNRF
5afqA_86-100,LRYPRYIYTTKTLYS
5ahrA_995-1009,SSYLEMKRFVQWLKP
5amqA_1440-1454,KLYSFSKYQDRLSSP
5amqA_406-418,IDKSEKLKLFKNF
5axmA_164-176,KKESEIHEMLFER
5b16A_439-453,SRLRDLYDKFEEELG
5b2rB_1249-1263,PEDNEQKQLFVEQHK
5b2rB_958-971,LKSKLVSDFRKDFQ
5b4bA_121-134,RDEAYMRLRRWLRN
5b5qA_227-240,CSKENYRRHLQRTT
5bjwA_331-345,LDKQSLDEVLKTYKP
5bpjA_179-193,LERTELVHLFRKFWM
5bykA_115-129,RDKYDWLHSLRKVVL
5cgqA_1-15,MERYENLFAQLNDRR
5ck3A_121-135,INFDKYFDQQLQELE
5cm9C_99-113,QATQEFREQILRVKN
5cmlA_168-181,IKKQFLEELERVNL
5colA_29-43,VNVMQVVKEINEKTK
5cqrA_736-749,LMFKEAFECMRKLR
5ctmA_214-227,FDLKNMRTVKRMMV
5cviA_3-17,PNKEDYLKIIYELSE
5cyoA_147-161,LRPLDIEFMKRLSKV
5czzA_132-146,LSTKEQISRNSKALE
5czzA_599-613,ISYETFKKHILNLAK
5d2eA_5-18,TMQIEQIVKKVKEC
5dcuA_315-329,DKDQVWDEIVKKNNL
5diyA_202-216,ITTSHMQEVQKSLQR
5dlqB_763-777,MDTETKQQYWTEVLQ
5dotA_923-936,LTEAQTRELRLKKN
5dqoA_389-402,SDPELLKQKLQSYK
5dt9A_324-338,YDVRKDDAQFRREIH
5dyrA_120-134,LTSEKIEEIIGQQKF
5dztA_487-501,DSKKKILAYINNNLQ
5e2xA_725-739,MNHRNKFMAILQHHK
5e31A_78-92,LSEKEILDKYQNIYG
5e37A_144-158,VSLEKLVDLMQMYDK
5e3xA_435-448,NFEIIKNFLKEKIH
5e5bA_77-91,ASKKKVEFLKQIANT
5e6mA_65-78,VDRAKMEDTLKRRF
5e9tB_174-188,KSRVDFIRFFLERLD
5eanA_830-843,MNRKIMSLSNKLTY
5erbA_475-489,QKRAKRLLDALRSGR
5es1A_256-269,HNLKELRERVLRGK
5eu1A_121-134,MSKERLLALKRSMS
5ewqA_56-70,INIENVKIKEKEVVN
5falA_431-444,LQAEHMEKFRKFIY
5fe6A_768-780,MDLKTMSERLKNR
5ffjA_1165-1178,LTRDDKLDILRDKE
5fg0A_43-56,YSNELKLIFKSLLK
5g4dA_12-24,ERVNRVKKFLRRH
5gipA_30-44,RDLGKITEELLNNEK
5gn1A_1003-1016,NDRQLLIDKFYEDK
5gpeA_59-73,MTLDEIRQLLNLRDR
5gs8A_12-26,GTDSLKNSIEKYLKD
5gtmA_451-465,YRTFETIVKQQIKAL
5hjnA_69-82,GKKRDVKNILRENS
5hydA_29-43,LSKGELKLLLQRELT
5ifeB_59-72,ESKARVRFNLMEKM
5ijlA_310-323,MGFYYSLYQKFKEE
5iy2A_193-205,FKLETQEEVKKML
5j2sA_133-146,QDQEELRFLRNLTK
5j5vC_92-106,DQKSTFTQIRQLINQ
5jh0A_28-42,ASKRTQLRNELIKQG
5jk0A_252-266,HIESLLKEWLIEREL
5jldA_204-217,SNLTSLYQESKKMY
5jldA_94-107,LSKDYIETSLKKLF
5jxrA_87-101,SKEDDTLRRFRYLLG
5kivA_249-263,FTDKDLQLYKEALNR
5ks8C_60-74,EDPWERLKKLRKALP
5lhmA_22-36,DNDILRDLREETSKL
5m12A_466-480,VRDHGKKVLKETLEL
5mptA_2070-2084,RNLEISTRNIHRILR
5mznA_1098-1111,AKQELEHMRKRLNV
5n4aA_594-608,QQWDKATRLCRFIKD
5n6xA_256-270,ITEEELRSLVERAYK
5nbuA_126-140,LVDKFLEDVKKLYHS
5ndeA_129-142,SSDLTKQLRLEENK
5nfvA_894-908,NKFNDEINLLLKEKA
5nglA_349-363,RDLSKRLMEDMEEVA
5nmzA_138-152,ARVYDLGLRRLRQRR
5o3uA_611-624,DKEEEFKWLIKYSP
5odqA_435-448,KGYEEFYERSAKQY
5oqpA_843-854,EKKEIKKMIITN
5t2hA_282-296,LTESGLDEIKKIKLN
5t86A_241-255,GNEKSFETILKQLNR
5troA_104-118,VDKKETAKKLSTVIN
5troA_145-157,LTYQDKLKIEKMN
5tu0A_325-339,TNQKNQETLYDMTNE
5tw1T_289-303,FGQKSIDEVKIKLHQ
5ucsA_191-205,LDFERLQEVKRLTNI
5uh0A_156-170,GSAHMTTLKRLKQTK
5ul3A_508-521,MTYEELYDKLLNDK
5ulcX_378-391,MSFSCIKTKLKKGQ
5um7A_78-91,ETKERADQYISEKD
5uqdA_1330-1344,MPMKKYYESAMETLD
5wcoA_19-32,PKPRELIRHALKKK
5we0A_177-190,HNEKEMEALQRLSK
5wo2A_34-47,LTDAQKQQIREIMK
5wpjA_11-25,KSYQERLELLKAQAL
5x2hA_363-375,KDEIKLKKALAKY
5xgcA_173-187,TNIAEELVKLFKKQI
5xwpA_219-232,EKYKIREFYHEIIG
5y06A_177-191,IDDQLVELYEKQRAR
5y1fA_49-62,RDIETYERINNENK
5yhgA_433-447,ENKDKIYNSIDDAFK
5yj3C_588-602,TRQAHLRRHMEIHDR
5yvrA_387-400,VSKEDVKEIFRKSL
6ar1A_355-369,KRVRTRIRELRALGL
6ax7A_691-702,TRKEEWEKKYLH
6b41A_554-568,QSEKMKGMKELLVAT
6bdtA_246-259,SDMYKIMKKAIERG
6bjnA_81-94,KTKVEVAKMIQEVK
6bm5A_1195-1209,IQRDQVEDYARRKGM
6d6yA_629-643,SSVLNKKLIEKITLH
6ejeA_337-351,RASRQLQRMFKAIYH
6ekvA_181-195,VSFRTMNEFIKKDNL
6gkvA_210-223,KNYELLLRKISEWI
7aatA_365-379,LKPEQVERLTKEFSI
1a6zA_150-164,HKIRARQNRAYLERD
1a9xA_673-687,EDRERFQHAVERLKL
1accA_434-447,MNYNQFLELEKTKQ
1agiA_22-35,RNDEYCFNMMKNRR
1b3qA_454-467,IDKEKIIRKAIEKG
1b89A_1327-1341,FKPQKMREHLELFWS
1bboA_40-52,KTKGNLTKHMKSK
1bm8A_45-59,FAKAKRTRILEKEVL
1ciiA_488-501,RNVEEALKTYEKYR
1cl8A_61-75,IKKTEINEALKKIDP
1cmvA_232-246,RERLPKLRYDKQLVG
1cx4A_135-149,KTDDQRNRLQEACKD
1cy0A_88-102,GKEKVVSELKQLAEK
1d02A_184-198,ESGEKLVQHFNEKLK
1ddfA_272-286,KEAYDTLIKDLKKAN
1evlA_576-589,EKIGFKIREHTLRR
1evyA_318-332,KMPLCHQIYEIVYKK
1f2lA_54-68,KEQWVKDAMQHLDRQ
1fafA_5-19,LSRADKERLLELLKL
1fexA_45-58,SWQSLKDRYLKHLR
1fi6A_8-22,ITDEQRQYYVNQFKT
1g71A_180-193,ENVEEFRRFLLEKR
1g71A_6-19,VTKEERSEFYSKEW
1isiA_208-222,EGSMKVLEKRLKDMG
1izcA_127-141,ETVEEVREFVKEMYY
1j5xA_2-15,SKTLKEITDQKNEL
1jk0B_11-23,FQKERHDMKEAEK
1juvA_32-46,RVKKDLQNFKARTEG
1jxmA_489-502,PSKRRVERREWSRL
1jykA_36-50,KPLIEYQIEFLKEKG
1k0wA_210-223,MQQTLLNKHYLRKH
1k7jA_45-59,EDKNAMERICRIRQL
1krrA_42-56,SEVEKRESLIKEMFA
1l1lA_456-469,DWEISREIIQKNRR
1ltlA_4-18,VDKSKTLTKFEEFFS
1m32A_311-324,YRFSEFYRRLKEQG
1m6eX_72-84,ELIKTVEELRKKM
1n4qB_191-204,MDMKKAISYIRRSM
1nafA_171-184,DEEKSKMLARLLKS
1narA_169-183,NNSSHYQKLYNAKKD
1njrA_222-236,ISKELKNVLIMYYLQ
1o4wA_105-117,NDKELKRKAKQRG
1o70A_377-390,RDRNKMRQILNMHI
1oywA_221-235,FKPLDQLMRYVQEQR
1q42A_65-78,EDCKLQFQKKWLQT
1qf9A_93-107,RNEENNNSWEENMKD
1qs1A_304-317,RQDYKEINNYLRNQ
1r4vA_86-100,ITKALEEHIKNFQKI
1rq6A_5-19,RTSFVKRIAKEMIET
1s7aA_32-44,RDKFLKEQIKLDE
1sq1A_34-47,FDEEFLQNELDKRK
1t6cA_236-250,LTYGQIKKWFDTFKE
1tdjA_387-401,RGLEERKEILQMLND
1tf3A_85-99,TTKANMKKHFNRFHN
1u83A_58-71,KDLEEKISTLKEHD
1ussA_197-211,SSRIVLKKYVKDTFS
1v32A_79-91,RMKVYDLLEKHYK
1v8dA_218-230,YTREEMLKKLEEF
1vkeA_4-17,KKFVEARRELNEKV
1vq8T_2-14,KQPDKQRKSQRRA
1wydA_361-374,HKREVLEEALKKKG
1xzpA_133-147,KSETSLKLSLRNLKG
1xzpA_358-372,EGLEKLEESIYRETQ
1ylqA_71-82,LTKKEWKMSKRF
1yo5C_300-313,MNYDKLSRSIRQYY
1ywwA_8-22,GKWKQLTGKIKERWG
1z56A_192-205,RERELLDKLLETRD
1zfnB_1-15,MNDRDFMRYSRQILL
1zg2A_74-87,LSRRKKEQLVSLKG
1zjjA_45-57,KTPEMYREKLLKM
2a2aA_291-304,VNLENFRKQYVRRR
2a6hC_936-950,VDKREVEVLRRAEKL
2a8aA_311-325,YDINEYKDYFQWKYG
2acxA_217-226,LEKKRIKKRK
2aeuA_270-283,DLSKIEKLNKELKA
2agkA_114-128,FQLKRLERLTELCGK
2amyA_24-37,ITKEMDDFLQKLRQ
2atqA_522-534,FSDEIKEKIKKLS
2avuE_35-49,LSRGRLIKLYKELRG
2be3A_47-61,KPIESIKEKMARRGI
2bfwA_231-245,GSRDERKKSLLSKFG
2bhqA_452-465,RKREHLEWARREFH
2c46A_165-179,YKGDYLKELFRRYGD
2c9oA_106-120,IKKTEVLMENFRRAI
2cm2A_1-15,HEMEKEFEQIDKSGS
2dh4A_2-16,TKNKMEAKIDELINN
2dlqA_18-32,LSKYYLKVHNRKHTG
2dmeA_58-71,TDAKYKNKYRSLMF
2dmnA_35-49,PSEEEKQMLSEKTNL
2dr1A_239-253,FDIPLYVKYLKEKES
2dx5A_116-129,IEFYRRLSEEMTQR
2dykA_65-78,WEKKIQEKVDRALE
2emqA_128-141,FTRREVLKQLNKQL
2ep4A_100-113,FHRKCLIKWLEVRK
2ewfA_396-408,EKKNVIEEKIKAR
2f9fA_155-167,KFKKDCFRRAKEF
2fe0A_118-131,LSEEYRQHQAEKDK
2fhqA_4-17,KTMKEKAVELLQKC
2fknA_194-206,VDEKRIDKRIETK
2fnaA_16-28,DREKEIEKLKGLR
2fzfA_49-63,EALKEKINWLAEEEK
2ga8A_273-287,DQENWKKIYKTLADT
2gtjA_11-21,KEQEIKKKFKL
2gukA_101-114,YDICRQCERYCRRK
2h2wA_239-253,RYTLRDEYYRDIGRN
2h8lA_227-241,MTSGKIKKFIQENIF
2hivA_363-377,KPLEARRKLLESIVK
2ho1A_119-133,KRYEEAYQRLLEASQ
2hxvA_175-188,KLRFKVHEMRNIYS
2igtA_189-203,EDAMKFIQREERRGS
2jaqA_133-147,VSTKTAISRIKKRGR
2jbvA_448-462,QTDEELQDYIRKTHN
2joaA_390-403,LTSSKAKELKDRHR
2joqA_67-81,SNESERNEIFQKISQ
2k1sA_2-15,YMDVQEAKLRDKMR
2k9kA_167-180,MFEREAMQALKKWK
2kveA_111-125,LRVKELKKILDDWGE
2kvuA_29-42,MKVAELKQELKLRS
2kx2A_30-44,LDEELTEKLIERLDE
2kymA_72-85,YDREQVMKIIDEFK
2lauA_29-43,KDAELRRLWLKNVSR
2lndA_35-49,TSSQDIRDIIKSMKD
2m8gX_478-491,YTLRQLDYRIKKYG
2n00A_17-31,ITEEELKRFKYFALT
2n39A_6-19,LDQKTFSICKERMR
2n3zA_9-22,TSEQLKEEVRKKFP
2nbsA_44-57,EIKEKLKKLAEEFP
2nrqA_131-144,NIKEEIKKLVNSRI
2ovlA_78-92,EQIEKIWQSMWWRLH
2p5tB_44-57,GKTTIHRIKQKEFQ
2p8bA_247-260,KSSREMRQIIKLEA
2panA_344-358,CRKEWVADCQQRKRT
2pcjA_71-85,TNEKELSLLRNRKLG
2pn1A_13-26,RRAKLVEYFVKEFK
2pt7G_115-128,KLHEIKQELKDLFS
2q07A_377-391,LSDESIERLKQEIES
2q8rE_52-65,SDKWVQDYIKDMKE
2qk1A_454-467,RNEDMLKDILEHMK
2qntA_11-24,RDINRSKSFYRDRL
2qrdG_161-175,LTQYRILKFISMNCK
2qtlA_393-407,SDSAEKRRLQELCSK
2r6vA_48-60,KRTTHKLIKKYGE
2rc5A_212-226,VMMDYLKGLESKHKN
2vpkA_103-116,KVEEVVTKCKIKME
2w43A_188-201,NDFKELYEWILRYK
2wb9A_118-131,GEKEAKIKEFKENN
2x41A_273-287,RDEIEEIMEALKEGK
2x41A_433-446,LSEKEIHKLAKKND
2xzeA_86-99,PEKKDTVKKLKEIA
2y6pA_219-232,DTEEDLKIVEEKLK
2yv7A_95-109,LENEKIERHIMKNIP
2zyzA_1-15,MDVLQEQVFKDLKSR
3ag9B_83-97,KQIEHTLNEKRILQA
3ajdA_218-231,ENEEVIKYILQKRN
3aowA_367-380,IDSKKMLERAIKKG
3ax6A_352-366,RDVERALEKALRAKK
3ax6A_99-112,QDKFVQKEFLKKNG
3berA_208-221,MTKKVQKLQRAALK
3bg1B_429-441,ENTEKLYKEVRQR
3bg2A_426-440,MTDGKALRNYKKIKG
3bhgA_74-87,FNESEAEKIKEFEK
3bxvA_81-94,KDWKDHEEMHRQNW
3c5eA_140-154,MKSTDILYRLQMSKA
3cpxA_223-237,PRKKYVNRIIELARQ
3ctaA_5-19,DQYYRAIKKIKEAAE
3cucA_4-17,SNIKQLYSKWKSLQ
3d5lA_74-87,RTESDIVKKLKEID
3d7lA_41-55,TNIDSIKKMYEQVGK
3dodA_392-406,RRIGYKVSLKMRELG
3draB_115-129,INRKKIMNFLCKCQV
3dtnA_74-87,MSEKMLEIAKNRFR
3e4gA_152-166,KEKEKIVQAFKTSLP
3e61A_215-229,DNDKKFIDLIKELSI
3e8mA_57-69,KTEIVRRRAEKLK
3eifA_151-164,QSKEDLEKAKKEHG
3ekiA_258-271,KFKLEETILKNHFQ
3etiA_87-100,GGKLTKRSKEYLKS
3f9tA_345-358,EDYKEVCKKLRDRG
3frkA_138-152,ADMDEIKRIAKKYNL
3g8qA_199-213,FDRDELRERILEDIE
3ga7A_216-230,LTREDLDMYEKAYLR
3gd6A_248-261,WSFKQQQEMIKKDA
3getA_137-150,HNLDEFKKLYETHK
3getA_65-79,SMIELKSTLAQKYKV
3ggyA_123-137,KELSQLKDLMAWKIN
3gniA_205-219,QHYDRFFSEYEKLLH
3go9A_201-215,VDVEKLKQFYQQWYT
3gueA_307-320,INLMELKKMMDEQL
3gwjA_59-73,TNKKAVEDFLKMYRC
3hf7A_286-300,TPLSTQLVKFQRNKK
3hjlA_224-238,EDPLLEERIREKMFT
3hjlA_75-89,KKPEEFIENIKKVIP
3hzeA_71-85,TNQQFIQWLKLRLEY
3i4pA_1-14,MDRLDRKILRILQE
3ir1A_99-113,QHKPYLDDFKKEHNL
3iu5A_92-104,IDLMKIQQKLKME
3jqoB_161-174,AADKKRITQKLKQT
3ju7A_203-216,KNEEDIQRIKRMGN
3jukA_228-242,IQITDALRTQAKRKR
3k32A_115-129,LSYSEIQSLEMRKNI
3kh5A_21-35,TTIRKALMTMNENKY
3kk7A_368-382,LEENFKQRYNDTHMD
3l6xA_396-408,RNDKVKTDVRKLK
3leeF_38-52,SSLKTCYKYLNQTSR
3ll3A_129-143,MAPIYKLLWLKNKKT
3ll5A_202-215,IGKKFESMVKMKSS
3lmcA_76-90,MDLEFYNKFNHLHEK
3lpmA_179-192,ERLLDIIDIMRKYR
3lv9A_70-84,VHIRDLYNQKINENK
3memA_70-84,MQRREQVRVRQKAGL
3mggA_117-131,QSPEEALKSLKKVLK
3mstA_199-213,KKRAELVGSRELYSR
3mzkB_1078-1092,DMTIWQLLEMKLNDK
3n2oA_48-61,IQLSKIVKQLEERQ
3nekA_464-478,VAREKLEEVLKKLNW
3nhiA_279-291,ENPEKVKEEMKKL
3ni7A_97-110,VQRKVTRQMIMSKL
3niyA_45-59,SDEEKYMEVARREFN
3o0qA_249-261,MDKKEILKLYEED
3o0qA_464-477,NYDDEIREVMKMTK
3oc3A_195-209,SKLFSKIYEILVTDK
3oc3A_688-702,RSLEFNEKFVRKALE
3oioA_247-261,VSRRQLERLFKQYLG
3p8cA_290-303,INLSKIDKYFKQLQ
3pg6A_724-738,PSYLKRVKEELKAKG
3pihA_310-324,WDRRLSRWVAREIEK
3q2iA_135-149,RNATLQLLKRAMQEK
3qkiA_70-83,VELKKKVEKTFMGE
3qv2A_38-52,INEIANKIYSKNFKE
3r5xA_93-106,MDKNISKKILRYEG
3ramA_1-15,MGEKQQILDYIETNK
3rhbA_6-20,SRMEESIRKTVTENT
3s4wB_1148-1162,QKKEKLASLAKQLLC
3t7aA_56-69,KSKPMKEILERISL
3t7vA_91-105,LTMEEIKETCKTLKG
3tedA_1102-1115,DNPLTRLSLKKREK
3tj0A_271-285,IKAKTAYEKILLNLK
3tnyA_225-238,EKKGSELEKEYIND
3tqtA_200-214,KTETEFTKAVKEVFR
3trgA_22-36,VFFRESVRKKAEELQ
3ug7A_11-23,SLRGITEKKLEKK
3uoxA_229-241,MSKEKMDSLRNRY
3urzA_190-204,TRYEKARNSLQKVIL
3v0aB_312-325,IGNDIKLRLKQKFR
3vdjA_311-325,PSDKHIKEYLNKIQN
3vkgA_2439-2453,FDPQEKEQQKRNENA
3vnnA_380-394,ETLRKRYEILSSIFT
3vthA_233-247,LDDEAVATLRRRKKR
3vv5A_164-178,TDRFVAKEAIKERKL
3wd6A_204-218,KYSLLLEYIDNMLKD
3wg6A_276-290,LDKEDEDQITKVGKE
4a2pA_580-594,YTELEQHLTAKFQEK
4a3pA_156-170,DTIDTIEKEIRKIFS
4ackA_141-155,YNHSFLAYKKEIDKH
4au2A_285-298,LTKEQLKIWMGKMQ
4axzA_200-213,LTKDEQKRLIFNFR
4b2oA_208-221,MDRETIIKRFKTNL
4b8rA_47-61,LDKDDLEKRVTEIGK
4ba7A_93-106,RPKEALKERIEKHL
4bgbA_301-314,KNELLKRRVSELWE
4bgdA_1049-1061,EEKRELKQLLEKA
4bm5A_1004-1018,EEKDIEFLRNIQNML
4bsxA_18-32,AGQDKLLYLKHKLKT
4cgxA_63-76,QDRSTIEWICSKKK
4ckbA_325-339,NDRLEESKYVESKLV
4clcA_4-16,LDKKLLERLTSRK
4d7qA_333-346,YLKEDLKSQYDNIR
4dgwA_300-312,VGKIHKKNESKRR
4dq2A_3-17,KYSQDVLQLLYKNKP
4e4rA_76-90,ELKAELVQSFVERRK
4ef1A_251-264,RSKEVQDWITKKWN
4enzA_729-742,QREWEKELHHLQEQ
4eo3A_63-77,DSVEALKRFKEKNDL
4eueA_303-317,ENCIMQIERMFSEKI
4ezeA_10-24,QDIDTFQKKLQETLF
4f52A_442-455,LEDTLNQVMEKFKK
4gkpA_375-389,KEDLHVYIDFCLKRR
4gl6A_205-219,LDHKSFEKAEKILEI
4gyvA_656-670,HCKKLEAVYKEFELQ
4h03A_114-128,ISLEKFNELKETIQD
4hd5A_209-223,KNNMNAFRVLQKLKD
4hudA_44-58,ASKEHFMMKLNKWTS
4i4bA_133-146,RRKDEIIELANRKD
4ij7A_72-86,LKRDDLSKMFMDAVK
4jd0A_224-237,LNSKVYELMSKIKE
4jq9A_214-228,ADKDIVKVFTKRISK
4k05A_386-398,SKEIRERFSQRNR
4k3fA_240-254,HSAEIKQFIQEKYKG
4kqcA_95-107,DFTEQIKRIKEKN
4kzyM_117-131,ESQAKDVIEEYFKCK
4l00A_797-809,KTLIEKERFYESR
4ldfA_53-65,TDIQTMKRKAKNK
4leuA_89-103,EDDEKLDKFIKTHVF
4likA_61-75,NNQSDLEKEMQKMNP
4lnnI_4-17,YTREDIEKLVKEEN
4lq0A_284-298,LTEEGLSKIIEIKNK
4mcwA_320-334,WDMDRTVRFFKEQKG
4mjdA_40-53,EGRERFVRFMREER
4mnpA_279-293,AMKPFYDEYIKKNGK
4mu9A_97-109,GDKKYKTILEKRI
4n01A_275-289,NDDDFQQKIEKIKAN
4nawA_79-93,RTIQGLIDFIKKFLK
4ntlA_252-265,TTKEVAEYIKKNSK
4nvsA_11-25,EDIEKSKKFYYDVLG
4o4fA_160-174,NTRDSLKEYIKLFFN
4oc9A_161-175,ADIEKINQIAKKHKI
4oogA_138-151,EISKADMEKLEKLE
4oojA_223-237,KSLRDKVKSTVLSHY
4oteA_245-259,TSDKARSLIEEKYKG
4p0zA_105-117,LTKESLEVFKKKM
4p6qA_607-620,RDFYEMLAERREER
4ph0A_14-28,WALRELQDIKKEIEN
4pswA_288-302,LSDEFLESSRKSLKL
4q6jA_212-224,EDMEQVEKLREMK
4qanA_315-328,KSEEQLNKLRGKLN
4qgpA_45-58,RSSDEEFEVLERRK
4qmfD_134-148,NKERFVKRRQRLVGP
4r0mB_534-547,VQKSKLKKDFEQGL
4r24B_25-37,LSERQIRYYEKRS
4r6iA_89-103,KSLNLQICEELVFKK
4r78A_-2-12,GSHMEKIIKEKISSL
4rc1A_222-235,IDRELVKELKELCK
4u9vB_92-104,WKDREKREEMTDD
4uxvA_514-528,QNHILSEQLKEAERR
4v17A_531-545,TDADTIKKLTDKIKT
4wbdA_36-49,KDMWRERLEDLSSR
4x0qA_1941-1954,LKDRMWYLQSCLRK
4yapA_69-83,KESMVILRYLEQRYP
4yzrA_259-271,QHKKECEKLKQQP
4zbwA_39-52,KDALMLFQRLQEKR
5a8jA_110-124,TNLHKAITKVLEKFK
5afnA_0-13,GEFQRKLYKELVKN
5ahuB_200-214,FTLSNYKRIVKYKTA
5amqA_1476-1490,EDMKDYMESVIFRYN
5amqA_909-922,TKVFDRLYELLDKK
5b2oA_916-928,LKDRRKKALERIS
5b69A_2-16,MTVLEDMLRKTRNGK
5bw9k_151-165,SMKDDIMREYGEKAQ
5c56A_1015-1029,EHFREVMKRIQSLLD
5c5aA_94-106,KEHRKIYTMIYRN
5cpsA_484-497,LDQEEKSKAMKYLS
5cq9A_178-192,EDDDVKDEVYKLMRS
5czzA_148-162,KYVAELQLERLKKDG
5d5pA_45-59,SNEKKFKVVSDIISR
5d73A_171-185,KFPLLKAYHQRMEDR
5d98B_382-395,MREEYKNLFEPLEK
5dj4A_281-294,EEMESRFELEKSES
5dx6A_476-490,GYNMVAIQEEKKYQR
5dzqA_94-108,VNRELFRKLRDEYQG
5eanA_189-202,REVRHLKEMYRLNL
5ejrA_1863-1877,RFRSFKRASTLNQQQ
5ekeA_47-61,DKTLKQLIDCYQSNR
5f2qA_22-36,KAWKDAEMFCRKYKP
5gj9A_62-76,TCQEQKFNDMLKSKG
5gvvA_156-169,ETIRQKLIDLTEKE
5gwnA_503-515,ESETEKEKIKKLP
5hcnA_84-97,TKIDQVIRLVEQKK
5hy3A_190-204,IKKETIESELHSKLP
5i61A_61-75,QWPTLMEFEDDLRKK
5i8tA_48-61,NDPELEKIRKMRNY
5icqA_478-491,VDEVQYQRRRQKFD
5iwzA_227-241,TTEKRRQELAYEWFS
5ja5A_20-34,KFKETVHKLEQESGF
5jnsA_91-105,MDESNLRDLNRKSNQ
5josA_234-247,QGTYEKLYEKWLKL
5k1aB_591-605,LQVRKVMEHVYEKII
5k5aB_169-183,ISALEYERILKELDK
5kc8A_215-228,MRIEELNRYRDTLR
5ktaA_162-175,FPKSKYKENKIQYA
5l92A_260-272,EDKASFERLKREK
5lp4B_235-248,LDKRLQKEADKLFE
5lzkA_133-146,LTIKETIRKMIKEA
5m88A_23-36,FEKRLILKYLEEHN
5mcpH_102-116,TAEEQAEMVRRVKKY
5mqhA_756-769,ENHDLWMKRKMKGL
5msmA_323-337,MDPKERFKVLFRLQS
5mu7B_137-151,ESHEERIQEIIARNK
5n8rA_370-384,MKHEAMIEPYLRRIR
5nfvA_1168-1182,VYPTKELEKLLKDYS
5npyA_277-291,KTLGDLQKLLKEKTG
5nr1A_189-203,DFQAAKTWYMKLKSR
5o1pA_512-525,DMKNQIEQLGKKYN
5olcA_248-261,EYLKYGFKRLFDKD
5syqA_100-114,WSWEFIKNRLKELNL
5t3eA_1012-1026,FTFQDYMHIYDDMKR
5t7zA_233-247,LSYRDYVLALESRKK
5tcsA_182-196,SIENEIYQILKNLRY
5tt3B_210-223,VSAKQLAEIKKRMK
5u1tA_610-624,TNLSKITKLYINKWL
5ujwA_102-116,ESDEDVFKKLNKIID
5uncA_291-305,QGMDEFQENEKRFVR
5v0rA_143-155,NDPKEYKKRVRKC
5vzaA_230-243,RSERYQTMKLFTQI
5w1hA_630-644,ERMTVVMKDKFYSNN
5wftA_420-434,KQRLAWQRLQQILEH
5wtzA_316-330,NKVENVSKFKEKWLG
5wujB_97-111,LGSEEAKKVMDKLTK
5xwpA_1030-1043,YSSANIKVLKQEKK
5y7oA_580-594,EVMDKTGRYIKRLDL
6aunA_737-751,EHREEFQKLVQMLLS
6azpA_622-636,RNLKLARKLMEQYGT
6b1pA_448-462,LGKTESVKRIENFLK
6bfiA_748-762,MDKRAKTNLLQLLDR
6bruA_91-104,AKPEQIQKWIRTRK
6c95D_90-103,IKKEDLELIMTEME
6cbdA_250-264,LTDSQRVKFTKEIKG
6ejiA_225-239,ELRQELEYKVKSLGI
6eluA_193-207,KQEALKEALLSIVKK
6es1A_1079-1093,LNEKEIKDLYDSQSN
6es4A_123-137,PDEDKIKKILERTGY
6fflA_130-144,KNSQELIELGKKMTV
6friA_260-274,TDQEEKIEELIKQHA
1a5rA_43-57,HLKKLKESYCQRQGV
1ak6A_115-129,MIYASSKDAIKKKFQ
1bboA_12-25,KKPSMLKKHIRTHT
1c3cA_54-68,IDVELFKKIEEKTNH
1dqnA_107-119,FDEEDLKQLKEKR
1dwuA_90-103,KNKKMAKKIANEHD
1eg5A_156-170,QPVEDVTRIVKKKNK
1etoA_83-96,INRGTLRKKLKKYG
1f20A_1117-1130,TNEKEKQRLLVLSK
1fp1D_338-351,RTEKQYEKLSKLSG
1gd2E_126-139,RQKVRQLEEELRIL
1gjwA_1-15,MLLREINRYCKEKAT
1gkuB_57-71,PRAIQKMWAKRILRK
1iyjB_3099-3112,FYKEAEKKLIQVLK
1j2mA_65-79,EEERSRKIQGLLKSC
1kfvB_140-152,FDEKLFREKLRKS
1kwaA_547-560,QTVEQLQKMLREMR
1l1lA_693-706,IDKETYEKRSQEIT
1n0eA_68-82,RKPQDFQKYFEQFNS
1n4cA_87-100,EKLKILEWIEGKER
1nafA_246-259,EDLMKELYQRCERM
1nmoA_1-15,MKNTELEQLINEKLN
1nrwA_177-191,FFKEKLEAGWKRYEH
1nz0A_11-25,LRLRRDFLLIFKEGK
1o5zA_370-384,KDMNSLVDMAKKFFK
1o63A_10-24,RLEEKVMTYLKKTGV
1o7dA_221-233,LDYQDKKVRKKTL
1oltA_341-355,KELKQYYQQVDEQGN
1rgvA_66-80,ETREELQEKYDRLHG
1s3lA_62-76,GERCKLKEWLKDINE
1u2zA_483-497,FDEDLNKKVEKILQT
1ulyA_18-31,LEDTRRKILKLLRN
1up6E_246-258,LMEKKMFKKISTH
1usyA_173-187,LSRVEKIIEDSIYRR
1vfgA_203-216,DRFLEILELYRKYR
1vm6A_75-88,LKEEHLQMLRELSK
1wi5A_228-242,LPLLKAQEYIRQKNK
1wyzA_38-52,EDVRSARRFLKKVDR
1xknA_241-255,ENYKPLRENYELLKT
1xzpA_305-318,LDEEDRKILERIKN
1y8cA_204-217,YKEEDIEKYLKHGQ
1z7mE_116-129,KYPRVTKKYFAQKQ
2a4vA_133-147,DSVTSQKKFQSKQNL
2abqA_286-300,CTREEVERLQQQLQR
2aotA_26-40,STEHQCMQEFMDKKL
2b30A_189-203,SESKTVIGNLKQKFK
2basA_348-362,PYFLENIMRMRNLRK
2be4A_50-64,ITDERVQQIKKSFMS
2cgeA_618-631,KSPIIKELKKRVDE
2d6fC_445-458,ELPSEKKERIMRDY
2djiA_557-570,YSEDEIKAYKERYE
2dk4A_27-41,LSRQEVIRRLRERGE
2dlqA_105-118,MQKKDLQSHMIKLH
2ejcA_73-85,RDFERDRKLLEKE
2esaA_259-273,LELDTIKNLVKKYSQ
2ewfA_103-117,RRPKDVFLKQLVKWQ
2f06A_116-129,SNMDKCIEVLKEKK
2fcaA_131-145,TYSHFLKKYEEVMGK
2ff0A_94-108,KFGPMYKRDRALKQQ
2fgeA_217-231,LTFEEFKEFHRQYYH
2fjuB_236-249,MTKEHLTKFINQKQ
2fp4A_290-304,AQLGTTIYKEFEKRK
2ggsA_212-226,ISRFELALKIKEKFN
2gutA_36-50,KSSKDMESHVFLKAK
2h29A_83-97,SYTYDTIKAFKEQHK
2h5eA_477-490,ADAKKFEEFKRKNE
2hryA_2-15,KLRYLNILKEKLGR
2jgdA_822-836,GKVYYDLLEQRRKNN
2jmzA_23-37,INIGEFVDKFFKKYK
2jx3A_24-37,KKTDELRNLHKLLY
2kfnA_782-796,KEAQKYMDLYFERYP
2l95A_5-19,VSDEEWVEYKSKFDK
2ld7A_153-166,LQVNTLRRYKRHFK
2maxA_325-336,EQRESLKKRLEK
2n7zA_66-80,EEFAKVIVQKLKDNK
2nxpA_309-323,ISRDSYQLLKRHLQE
2oa9A_147-161,WSFDSLQNQLDKKLK
2oogA_208-221,FSDESLKKIHRQNK
2ox8A_646-659,NTREEQQWIKKQMV
2p8tA_69-83,LTLKGKEIRDKLLSM
2p9wA_142-156,NFEKVQDEFEKKAGK
2q73A_1-15,MKLSELQSHIKEFDY
2qsaA_109-122,DQRFYNYYQYYRLR
2qveA_278-292,VEHADLRRELQKDKE
2vl7A_278-291,KSSLKSLLKFVEMK
2x7mA_159-173,FCRRCTELLQRNLKR
2yt9A_400-414,KRKDRMSYHVRSHDG
2yv5A_276-289,ISCERYKSYLKIIK
3a10A_103-116,NFDELKEKVKKLLS
3ajdA_141-154,ADMRKYKDYLLKNE
3axbA_92-106,YDRERWREVEEPLRE
3b12A_187-201,FDPEQLEEYRKQWRD
3ba1A_12-25,MSTYLEQELDKRFK
3bf5A_155-168,YSKDELKKFHEISY
3bgeA_421-434,GMEIQIKEKLERLR
3c29A_20-34,SDEVRKNLMDMFRDR
3cinA_248-262,LTDDGKNKSKEFTKS
3czcA_79-93,MDDNEIKTKLEEALK
3dm5A_367-381,IGEERLKKFKVIMDS
3eb2A_227-241,QRWDEALMLQRKLWR
3eooA_193-207,KTLDDYRRFKEAVKV
3ezxA_160-174,MLGQKDLMDRLNEEK
3gagA_54-66,KNKNKQEDLKKLA
3ggeA_173-186,WRHYDVAKKLKELK
3gwaA_273-287,ANRFMLDALRKKMKI
3hbmA_56-70,ESIYELINLIKEEKF
3i9fA_103-117,DDKQHVISEVKRILK
3ieiA_173-186,RDLSELEEKLKKCN
3im9A_236-250,TDKEVIKSNMVKQLY
3in6A_107-121,EGEYFDRIKKRLDNT
3ivpA_80-92,KSTKRRQLENKID
3jqqA_265-278,KRKTEFLNLFNNYK
3k5iA_102-114,QNKFNQKEHLRKY
3kb2A_80-94,LTERQLRFIEDKIKA
3kg6A_1835-1849,IEIEEHYREYRSKGI
3l6nA_197-211,EQWPKTINKLKAKYS
3luzA_247-261,GNEHIRIKLERALKK
3mfqA_250-264,NPERMKKLQEAVKAK
3mklA_170-183,MSPSLLKKKLREEE
3mvaO_134-148,RTPENLSKRWDLWRK
3mwcA_123-137,ISLKAMIEKKMKNLG
3no3A_103-116,PTLEQYLKRAKKLK
3nqwA_96-109,LEKQERKRLQIENA
3obaA_561-574,GSLKEYQELFYKEK
3opbA_249-262,KGLSKLFKKRVFEE
3q31A_234-248,LTVQGYNKVKKIIKY
3qdlA_4-17,LDQEKRRQLLNERH
3qy9A_82-96,GEKEKLLNKLDELSQ
3r89A_202-215,THSEEVEKIRKRYD
3raoA_324-338,SPQLEEMKRFSEKVM
3rmhA_726-740,CTIQELRLQRMFRLR
3tviA_349-363,GKCDKIIEEIKKQCN
3unvA_499-513,LSKRTRALYDKTRTL
3uowA_70-82,LKKEVFEYFLEKK
3uuwA_37-51,PNKVKREKICSDYRI
3wyfB_310-324,KKETTDELYNIIVKS
3wz2A_218-231,QLRRMHEQMEEARR
3zrhA_247-259,VDFKKLKQIKNRM
4a35A_177-191,IGKKEREKQMLAQGY
4asiA_2165-2179,FRRKDLVKTMRRVDP
4atoA_157-171,CDFPKLEEKCQEYKE
4axcA_190-204,VSRFKMHQLLKLEYI
4b21A_2-16,SKDSDYKRAEKHLSS
4bg5A_193-207,YNTEKLNDHIEQTYK
4bjtA_798-812,NDQEQIRKLVKKHGT
4bkxA_318-332,KSLTSIIEYYYMWKT
4bmyB_156-170,HSKERKEFLVSEFKA
4bwkA_310-324,TNEKAILNVTKEWKK
4c0sA_34-48,IDKRTIEKFEKEAAE
4c8qH_546-559,QQKLKILQKIFNEL
4cdgA_650-663,PHTKEMMKIFHKKF
4ceiB_1147-1159,EKDKTILEWIKKE
4dynA_111-125,YDKEEIRRIWRQANN
4eaiC_166-180,LTHKRILKFLKLFIT
4egwA_36-50,PKDEELYKLSKKIGI
4ei7A_96-110,KHETKIFEAVKQEFE
4fo5A_98-112,EKESIFTETVKIDKL
4fxeD_23-36,REQLKKKLVEVLES
4g56A_242-256,LTKVHQRLIFKLFKL
4g68A_402-416,ITPEEYSKQMQQKIN
4gmvA_505-519,YGKQLYMNYQEALKR
4gwpG_37-51,FDKTSNNQVIKMQRQ
4h9nC_263-277,RYPEVNRRIERLINK
4hnoA_155-168,YKLEQLKKIRDLVD
4hw8A_328-342,TSKDTLQKYTDEMSE
4i17A_229-243,NRTEIKQMQDQVKAM
4ixjA_147-161,KGNDDFRKYLLDNKY
4ixjA_57-70,KDKNEVIKEVLENK
4jgtA_224-237,KSPEEIRHLFQEKK
4jklA_575-587,KQVVKEFKKRWMT
4kblA_315-327,VKCKWLKKWIKKC
4kgdA_225-239,KAGKELEQLSKTLKI
4lgvA_24-37,KMTFRALYRLERRE
4lpsA_192-206,FRVSQVKEDMQKLKP
4m7sA_210-224,HNDKFTSFRKMLKEG
4mcwA_347-360,KNIDQMFSIKRELR
4ntlA_87-101,QHQPFMEMFNKEKKA
4p0pA_346-359,DGRFREQKFRLKRC
4phrA_47-61,YNEKLAKRLQQILQT
4pj1A_361-374,YEKEKLNERLAKLS
4ql6A_25-39,LRRQDVRKTVDKLVE
4qozB_79-92,MSKEELRAKLSEFK
4rpcA_244-258,KEPEKISRLIREILN
4tpuA_6-20,VDKVYRRLNQEVEKS
4tv5A_98-112,KDRETVEHIVKLSRY
4wd3A_109-123,TNKLAMKTKLKMEGI
4wfaN_9-22,VTRARRKKTIKLAK
4x30A_264-277,MSSKTLKKWNRLLQ
4x3nA_130-143,LTALKRKQELREKV
4x7rA_84-97,SNKLLYKHISERLK
4xcoC_365-379,LTEAKIKKYKVIISS
4yh8B_106-120,ERSVRSIEQELEQLR
5a95A_265-279,KNDKNFFKLWDEKWG
5afqA_456-470,ENKRLLEKSQRVEAI
5ayhA_3357-3370,ISDAIREKMKKNYM
5b2oA_415-429,YSYKDLCNELKQKVT
5b2oA_551-565,LLLNEIYFQAKKLKQ
5bq5A_234-246,ESYRLREKRLQEE
5c6tA_678-692,FDLEEIMREFNSYKQ
5czzA_942-955,VNSKAYEEAKKLKK
5d94A_58-72,VNMSELIKIIRRRLQ
5dtuA_250-264,MKERDWRIFKENFGI
5dxnA_4-17,LDRAKLLKQYRKAR
5e0qB_832-846,MNYKSKLENASRKQG
5e3eA_84-98,SSSEEWLKHIYKQMN
5e8jA_404-416,KNNENKMLLKRMQ
5ec0A_138-151,DKFSEMQKRMASKF
5efqB_111-125,KKCKDIIKTARSLLN
5ejoA_558-572,YNKQTIKNTIKEYAI
5ewpA_181-193,LDKKYKKEFLKLG
5f4wA_4-17,LTENKRKSMEKLSV
5f6kC_4805-4819,IRNEVANRKEKLYES
5fyxA_143-157,TPQKRVDKIFDQMDK
5g59A_236-250,VKVEEVQEFYERNKH
5ggiA_258-271,DTELNRRRRRFCSK
5ghfA_238-252,KTYWEKVQAVLKRYD
5h5lA_111-125,EATKKKLEETLLNET
5hekA_217-230,SEKEYFQTAKKRLN
5huuB_60-74,DEQTKVNDELKSKFN
5hynA_235-249,GTAEELKEKYKELTE
5hzrA_923-937,TKSEDRSELLRQFNQ
5i4zA_19-33,RRNELKRSFFALRDQ
5ip1A_58-71,KNRQSIMKVIKQSD
5jawA_326-340,RDYKTVSKVLELYTR
5jufA_74-88,IPDEYYEMKNRLIKF
5kd2A_456-469,KTDEKYAELLKKST
5kdjB_838-852,NTFYGKFERQFRERD
5le5A_164-178,KNYVNGKTFLEKRYN
5m4tA_416-427,LKKDVKEKLEKE
5mj6A_601-614,LDVKRMMKTWTLQK
5mu3B_107-121,NIEQRKKYLDITLND
5mujA_29-43,VTQERMEQIYEEVKT
5na6A_654-668,EDYVEQMLRYSKDYS
5nv4A_1273-1286,KEKQREIWGYKILF
5oddA_52-65,RLGKLINDVRKKTK
5oe8A_205-217,LSKQVKERYQRMY
5oklA_95-109,KVDAQRRLCFFYNKK
5suvA_10-24,VSLKRIIRLNKKFGQ
5t2hA_123-137,LKENGIKELVRIKAK
5u5tA_266-280,NSKRMMNAIKESYDY
5w1hA_731-745,NDKNVRERFITKATK
5waiB_458-472,RKLYSLLKHLKLCHS
5wc6M_294-308,ERIETIDVYKEISKD
5y4bA_82-96,KSKLMRSRAVNKAVK
5y5aA_305-318,KKRIINMEIMEFYI
5yk6A_194-208,NERSRQIDDILEKTY
5yseA_311-325,NKKDDALKFMDYMSQ
6c5cA_338-352,VEIDILLKKMAIDKK
6ehsL_235-249,LNLERLMYIKSFIDK
6ekiA_221-235,LSKEQIEKFRKLMGG
6f1eA_176-186,TKMQRRRRRRR
1b0nA_1-14,MIGQRIKQYRKEKG
1b3aA_54-68,EKKWVREYINSLEMS
1bjfA_143-157,STPEKRTEKIFRQMD
1egaA_66-80,LHMEEKRAINRLMNK
1g6wC_330-344,EFPEVYKWTKHMMRR
1hr6A_182-196,ISKYYLLDYRNKFYT
1i3jA_182-196,HSDITKSKISEKMKG
1jbaA_93-106,LEHKLKWTFKIYDK
1kamA_154-167,VSSTMIRERFKSKK
1mkyA_67-81,ISQKMKEVTLNMIRE
1nf2A_20-33,ISEKDRRNIEKLSR
1nf2A_43-57,RMLVSTLNVEKKYFK
1o12A_233-247,LSREMVKLVYKVKKA
1pymA_5-18,VKKTTQLKQMLNSK
1qg8A_241-255,RNCRELRESLKKLGM
1qtfA_3-16,YSAEEIRKLKQKFE
1sqsA_206-218,EHFEKMYWEKKRL
1vbfA_207-221,DDIEFRVNKLERQIK
1vjkA_29-43,ARVRDLIEEIKKRHE
1vjrA_125-139,LTYERLKKACILLRK
1w98B_96-110,ANREEVWKIMLNKEK
1yuiA_44-58,RQSRNLRRHLELRHF
2a19B_507-520,FDKKEKTLLQKLLS
2a8aA_336-350,VNENKFNEIYKKLYS
2amxA_37-50,MSKKERYEIWRRIP
2arrA_137-151,FREEYIRLCQKYYSS
2btiA_43-57,HREEIYQRIQAEKSQ
2cp9A_9-22,SKELLMKLRRKTGY
2dlrA_125-138,KSDLFLKHKRTEEE
2e3xC_23-37,KNWTDAEKFCTEQKK
2e7yA_159-173,LDSKEISRLVKEKGR
2egzA_204-218,IPLEEMVELRKKFYR
2epiA_21-35,SVSKYVKKAIEVFKK
2f9fA_26-39,KRIELQLEVFKKLQ
2go7A_36-49,YDKEKVREFIFKYS
2hiyA_166-180,RNAKTFDKIGQMLKK
2htiA_12-25,KDEKKITEFLNKAR
2jgdA_176-190,TSTEEKRWIQQRIES
2k4nA_88-102,TDYSEFQKILKKRGT
2ljaA_73-87,KNKKAWENMVTKDQL
2lolA_67-81,KTVSDVIKYIKERQS
2ltsA_169-183,NWVGKLQEKSQKSKL
2m2lA_53-67,KYGDLVDDFEKNQKK
2n5mA_630-642,RKTRETERLRRQL
2nnwA_47-61,ITKDLEELLNSLKEK
2p4wA_169-183,ENRQIIEEIFRDIEK
2pybA_45-59,NFFVIHKKTQKLYEY
2qg7A_149-163,INREREKKISCILYN
2vyfB_1297-1311,RVSDIRAKCRRLKQE
2wnfA_96-110,LEEDTYKWWLRLQRE
2zbkA_239-253,RATRRFVRRLNEELK
3adrA_212-226,SPKIMEEHLKQMLSK
3asuA_32-46,RRQERLQELKDELGD
3b0bC_8-22,FRKETVERLLRLHFR
3bs8A_3-17,SYEKSKTAFKEAQKL
3c2gA_331-345,KNEKLRTEFAQHLKF
3cloA_197-211,LSEREKEILRCIRKG
3daaA_261-275,VGEWTRKLQKQFETK
3db0A_87-101,EDESIKERIWENISK
3db2A_127-141,RLGALRKMKEMIDTK
3ddhA_155-169,KTEKEYLRLLSILQI
3draB_376-389,ITKESYQFFKEEIK
3drwA_265-278,QDRKLRKKIITNIL
3dwcA_486-500,NPEHYRRHLERRYRD
3egeA_107-121,SHLEKSFQEMQRIIR
3ezyA_33-47,VREDRLREMKEKLGV
3fixA_32-46,YSEEYIESWIREKYS
3fysA_139-153,SSPEDIIKELEEMKK
3g0tA_5-19,IDEKLIREKQNELHI
3gm5A_104-117,KDMDRKVEELYRKG
3h9xA_1-15,MNRQQFIDYAQKKYD
3hltA_51-64,ESKQDLLERLRKLE
3hrgA_222-236,SDKETLMNELKKFIL
3ikoC_100-114,NSRGLFEKKLMQDNK
3ilxA_99-113,KRKGFLKLLRMILNN
3isqA_291-305,VPSTYYKQLREKLKT
3kjhA_194-207,RNIKEEKLIKKHLP
3my9A_84-98,KRVRELMARMDKMLV
3nxaA_33-47,ISKSSFREMLQKELN
3oc3A_101-115,PSIQEQKRMVRKIAK
3opbA_739-753,ENQKLKDALNMSLKR
3oziA_49-63,EQFTDFLYQSLRRYK
3pt3A_2778-2792,SSKQILKQKLLLAIK
3rhzA_76-90,NTTEFDEKLMNKLKL
3t41A_38-52,KNTATFNKLVKKKSL
3tacB_1086-1099,YDRKELERRREASQ
3tc1A_150-164,SDKQKYWRILEDKTA
3v32B_252-265,ERQEWKRFIEERLL
3wstA_366-380,ENQKFKDEVDKLSKG
3x0vA_496-510,KMWDYLRLLLERWQY
4a55B_504-517,YSKEYIEKFKREGN
4a8yC_581-595,ESYRAYREDMLKRDT
4acsA_208-221,MDEKSLEESRKIFR
4amqA_4-17,FTYKLERYIKNKIL
4bigA_142-154,KEENIKKEIENFK
4bj1A_282-296,LTCAQEQEYLKKMIK
4c2mA_1367-1380,EDNDEEQSHKKTKQ
4ca7A_89-103,QSEDLKRQFKALTKL
4dduA_296-310,RSKEKLVELLEIFRD
4dgwA_112-124,FERKLQQLEKELK
4dweA_487-499,DSDKKTELKKRIE
4e9aA_152-164,LSILKRKKFEKEL
4eeiA_386-400,ESFSKKLQKVMHDEH
4ef1A_239-253,NNENVKKLVKVLRSK
4ewcA_63-75,VDKKIRKFLEEEK
4ff5A_230-242,KNKEETFRKLFLK
4fkeA_907-921,SSEFELQQLEQFKKN
4g4sD_166-180,RNSKTVREFLEKNYD
4g59A_159-172,ECRQKIDEFLKQSK
4gaaA_416-430,VTTEEWKKFLYSYFK
4h0sA_1-14,SLLQLRKMIKKMTN
4hpfA_510-523,KQTWKKHFLNSMKN
4hx4A_122-135,EDDARKKDLKSIQK
4i6mB_361-374,EPEEEKSKREEEAK
4ib2A_258-271,KSDEIKEYIEKTYD
4jgtA_164-177,KTYEDIKENLESRR
4k6nA_163-176,SEYHEKIQKMINER
4kisA_424-438,LEFREKQLYLKSLIN
4kzyR_70-83,SIKLQEEERERRDN
4l9hA_299-313,KDLQKLSRLFKDQLV
4mikA_138-152,ECWQDKERQLRARVK
4my5A_183-197,YSRQQIKNLAEVLKK
4n0hA_194-208,KKINVLRKVFHTLDK
4nn2A_263-277,FDIKTVLQEIKRGKR
4ns4A_3-17,NTTQKIIQYERSKSD
4okeA_64-78,RSRQQIRLDLEEFLR
4pe0X_27-41,LKKSELKELINNELS
4pedA_532-546,RDRETVRAKSIEMKF
4pjwA_1010-1024,LLRQDKRTVYVYLEK
4pt7A_115-129,VTERDIYKIEKEEND
4py6A_1227-1240,INDNIKEEYRIKIK
4q6xA_61-75,EKFSKYLDYIRQLTT
4r9pA_174-188,FDMKKFQSNVNRELR
4rxvA_71-85,KSAQEYIKFAQQRNK
4rykA_135-149,ISDEYKKIIHDYLWK
4uciA_1906-1919,INKKELNRQRRLLT
4w5xB_103-116,TTPRLKRFIKKYRN
4x2uA_973-987,KDIYEILKKLENEVL
4yc7B_205-218,SRRTLKNSRLVSKK
4yo2A_197-211,GEENKYAEQIMMIKK
5ajdA_2019-2033,KLEVQEIILRNFLKR
5aorA_370-384,NDNEYRQFLEFREKL
5b04I_135-149,PLNEVLKEHRKRRED
5bv8A_1395-1408,RNFVRYVQGLKKKK
5cg9A_308-321,DTQKNSLKIHKETK
5eufA_199-213,WTLKDIKKFHSLYYQ
5exrC_1409-1422,TTDHEKDKLKKQFF
5fjkA_114-128,LDYEDLERKYWKNLT
5fr6A_170-184,MTVMHLRKFLRSKMD
5fs7A_285-299,RKIGDFRSLEKISRE
5g0aA_8-22,INWEQVKEWDRKYLM
5ggbA_144-158,QYPDDRKVLRRFVKR
5gugA_724-738,KEDRDILSYYRYQLN
5heiA_52-65,QDKEKKKKLSELAG
5hsaA_117-131,WKTKDLLPLMKKTET
5intA_327-341,TNVEEYATKKLREKN
5iztA_379-393,SDSKSLAEYIKKRYL
5k6pA_343-357,TDLRGMLKRLKGMRR
5l0oA_177-191,FTEEEINNMKTELEK
5lnbB_247-261,KSKHFTAKMINKYFD
5mltA_330-344,KNKEKSMEILNLLNT
5mphA_422-435,DKGAERKIRDEERK
5t1pA_68-82,MSSAQEIAKFKTEKK
5t39A_1-14,MDRREIQRRAKELE
5tipA_121-135,RMNDDRYNYRRMTDW
5u2aA_539-553,IQRFLLRKAEVEKQQ
5u31A_159-173,WEEEKEKAETRKSAD
5u56A_179-192,KDKNIIKEIKELLS
5vfyA_88-102,IKYSSYSILKRLYLE
5vhaA_195-208,TDLRYIEMQRFREK
5wtiZ_294-308,RGWREIIQKWLKMDE
5xnxA_244-258,KHYWSIYQKMIVKGR
5y58A_526-540,ETPNTKKDRMMREDD
5yckA_454-468,MNWKEQAEKARKRIV
6bnsB_320-334,LEPMLKFHYMLKKLQ
6ewzA_80-93,KEMRSLIEKLNRKG
6f8zB_481-495,NKDADYQRFHKRSEY
1agqA_77-91,ETMYDKILKNLSRSR
1bpoA_443-456,GRKQLLEKWLKEDK
1dzfA_156-169,LSSDEKRELLKRYR
1ekzA_61-75,SKKRAAEKMLVELQK
1eljA_132-146,KTFDEMKAIMEKYYD
1fc6A_104-118,QSWFKLRETYLKKEP
1g2sA_54-67,RKKWVQKYISLLKT
1hr6B_190-204,ITRTDLKDYITKNYK
1ig0A_101-113,LSEKVYKYYRKNK
1ihoA_73-86,RTLQEDCEKLNKRK
1koaA_6213-6227,RYTKIRDSIKTKYDA
1o69A_197-210,KNKEKIEKARFYST
1rz1A_53-65,KAKMLEKIQQSKK
1snnA_194-208,MSKNETKRYAEKHNL
1t6t1_6-20,RNLSEWIKELKKASR
1tviA_16-30,NLKEKLEEIVKKEIG
1vl1A_186-200,RGKEKINRLTEILKD
1zxeD_950-963,KMKVEKKIIRLLID
2aqwA_2-16,HFKTKLKNRRSEVNT
2b5oA_382-395,LNWEEMRRSMKKEH
2ci1A_98-112,RKEADMMKEALEKLQ
2cskA_51-65,RRYSDFEWLKNELER
2ctdA_46-60,KTIEGLKKHMENCKQ
2d4zA_695-709,LTLEEIYRWEQREKN
2dldA_120-132,RQDKRMDEKMAKR
2elkA_43-57,RTKEECRDHYLKTYI
2f8sA_436-450,FLLYDFVKRELLKKM
2g7hA_143-157,GLDKKKFILERERLN
2h6fB_573-587,LQREKHFHYLKRGLR
2hxdA_74-88,LTEEKINYFKEKYNV
2kdpA_85-98,FSKRIQKSISQKKV
2kifA_67-81,KGRDLDRQKQKLEAE
2kpyA_18-31,DNKKCDKKCIEWEK
2l3fA_56-69,MAYEKKLKTLKHNR
2oh2B_31-45,LDKEKINKIIMEATK
2oqpA_63-77,NNERIINVSIKKLKR
2p6jA_4-18,WSENVEEKLKEFVKR
2p9jA_85-97,KLEIYEKIKEKYS
2z04A_91-103,KSRIREKLFLKKH
3a3dA_297-311,KPLPDLLKKMMKKSD
3adgA_14-28,HVFKSRLQEYAQKYK
3dzdA_32-45,KTLREAEKKIKELF
3f40A_44-58,EGSERYMNDMEKMKF
3ftbA_62-76,NYRRLNKSIENYLKL
3fv9G_82-96,RQHDRIWDRMRDTLK
3i10A_201-215,KEAEKIITDYLKELR
3kheA_57-71,LDRKELIEGYRKLMQ
3lv9A_101-115,LTIDKALERIRKEKL
3nf4A_351-365,YRVERYMREAKIMQI
3p8cA_1041-1055,ERLDAKMKRLESKYA
3pmcA_14-26,ERQEKFISDWKKK
3qwuA_165-179,LSQEEKMELIEKYNL
3s5hA_283-297,LTYEEFKEFYYKNYN
3te6A_673-687,SEKILQYFEKWISSK
3uauA_110-124,ISIKEYYNDLFKNQK
3vu0A_502-516,QSEEEAMKIVEKRKV
4aweA_373-387,LVYKHAKKVQKLNER
4b4cA_1126-1140,FSDAEIRRFIKSYKK
4bujA_611-625,KKTWPEIVNYLRKRE
4c27A_50-64,KNPLEFMQRCKRDLK
4d25A_416-430,YEKRNSLKQLIEEND
4d7qA_212-226,NDKTFKQLNQFLEEK
4edgA_247-261,YNLDKARKSIRKLDE
4ffjA_189-203,ITIKELQEYRKVYDQ
4k2uA_134-147,HKIKNFRKKWWNEF
4k36A_172-185,RHVNKVYKYFKEKD
4m7oA_240-253,KSKSDYIEMIKKRG
4nfnA_243-256,KDKEQVGMIKEKYE
4o5pA_20-34,YDSKKLSENILKQQS
4o87A_260-274,NNDKILEDIKSKFSK
4pyhA_219-233,YKLMEAHKLLMSKRS
4ql6A_599-613,KNKNFEIFVQHLKKT
4trbA_195-208,ISLDKILTEMKRRK
4x8rA_311-325,KSEYQDLVKRIQETQ
4yk8B_187-201,LMPLWKLKSKIHKLR
4zcfC_128-142,KSDALKEHFRDDYKR
4zs9A_336-350,RHKEQSMRFIRFLMS
5a1iA_340-354,KSERELLEIVKKNFD
5a5iA_261-275,QDFIDCFLMKMEKEK
5a7dL_413-427,AKIERRRYEQHLEQI
5ap8A_147-160,KTEEDIKKIEREII
5b1aD_51-65,LSIDEKVELYRLKFK
5cmyA_175-188,EDSQFLKKERAKNK
5cqrA_927-941,METNYQRFTIDKYLK
5dm6L_8-20,RRKLRTRRKVRTT
5dtuA_533-547,DKRKRRLQEILNSGQ
5ehiA_7-21,ETLGEKWKKKLNQLS
5espA_279-293,LTKEGLDQIKKIRNR
5ewuA_1164-1178,NDEKQLQDMYLSRKS
5ey6A_204-218,DRESWKKVIEMRKSG
5fa8A_106-120,NVNEMLKPKLEKELK
5gpyB_228-242,MDEEKIEEYLKRQGI
5h9dC_3-17,TTVSKLERQIEERLK
5hy3A_173-187,LNMKEIVEQKNKEFN
5ijlA_255-269,QKAKKLVKYIDKMGI
5ltjA_82-95,HSERYFKILKARRK
5o7xC_74-85,QQKKRRRERHWR
5oe8A_299-313,KTDQEYYEDLMKFIE
5ul3A_240-254,EGEYTLRDLIKMLKK
5v37A_244-257,MTSEERRKQLRDQY
5vjcA_1392-1406,LNEKDLSMLDERIKR
5wtjA_900-913,LEEFIQKMKEIEKD
5y50A_454-468,TNWKKQARKARERVM
1bo0A_56-70,TQKWVQDFMKHLDKK
1gxjA_621-635,ETLDDAIRMKKKYRL
1m3uA_4-17,TTISLLQKYKQEKK
1nyrA_583-597,EKMGYKIREAQMQKI
1ri9A_7-18,EKEEKDFRKKFK
1tvsA_53-66,SLRKKNKQRLKAIQ
1v9xA_78-92,LRWEDQQKIRKYVES
1vq0A_245-258,LDKKELEDMRKEGK
1wkbA_572-586,FSEDKEKELEKKTGI
1wx8A_37-51,SNVRRFKKQISKYLH
1ytlA_46-60,MTDEMFERVKKFVEK
1zr9A_63-76,RSKDHKKRLKQLSV
2a1rA_48-62,DTPEERYQKLKKHSM
2cfmA_352-366,TKFIDRRRTLEEIIK
2kz0A_48-62,KSKLEQHRMIYKVLD
2oqoA_151-165,FDKKKIMELYLNQIY
2qlzA_190-204,LKEREVREKISEMAR
2qneA_401-414,TQKHTRKNHKREFY
2qq6A_62-76,RDVERLYEKMRRWNI
2rgnB_296-310,MKYQLLLKDFLKYYN
2x3gA_97-111,KSISDIKNVYKYMLK
2yhoA_372-386,RVLQEKLRKLKEAML
2yj3A_543-557,DKEDKVKELSKELNI
2yu0A_74-88,ALRKRAEILKKERSE
2zosA_42-56,KTRAEQEYYRKELEV
3adkA_144-158,ETIKKRLETYYKATE
3b9fI_263-276,LSEKTLRKWLKMFK
3c6fA_189-202,VDEQWLKQEMKKKN
3c9dA_164-178,RSPEGKKKYRQGMKT
3cdkB_1-15,MKEARKRMVKRAVQE
3drnA_72-85,DDINSHKRFKEKYK
3hczA_401-414,KDEEWLKFIRSKKI
3k4oA_215-229,TGGMKYKIEMIRKNK
3kb6A_114-126,KRLKRIEDRVKKL
3nnsA_10-24,DDKNILKKVSEKLQQ
3o3mB_299-313,KKRGSLIVDEVKKKD
3vbiA_172-186,KRKIVELENEFLKSM
3vkgA_1476-1489,IKDRHWKILKKRLN
3wirA_515-528,KYPKYFEKLSKKIN
4cw5A_645-659,RSFEEVYEQLKRDKS
4dduA_432-446,LTQKEFVEKVKEMFR
4de9A_182-195,KSDKVIQQIKKDTK
4dimA_105-119,GDKYKMKEAFKKYNV
4f5xW_1058-1072,YPKSEMIKLWKKMWN
4fflA_102-115,RDKKKSKDYFKSIG
4fjvA_24-37,ENRIYRRKIEELSK
4ijjA_116-130,LCIEAKERQEKRERH
4iv0A_165-178,WDEEFKAYIKKRKY
4m7cA_169-182,KEFEKASKILKKHM
4mr7B_333-347,KTPQQYEREYNNKRS
4n3zA_205-219,EKIMDQIEKYIMTRL
4owtA_324-338,QQKRYQDWFQRQYLS
4pz7A_358-372,KEMPIIREAYYNRKK
4w8oA_250-264,MEGEKTLQMIEKYKL
4wu0A_42-56,KDKKYLDFIIKTMDT
4ydsA_58-71,QTTKDYLIKMKEIK
4zs8A_22-36,PKYYRLKKHLLDMTR
5a7gA_289-303,KTEEELLETTLKMKF
5cg5A_188-202,FTEKRYKSIVKYKTA
5csmA_112-126,NYNDKIKKVYIEKII
5dztA_40-54,LKQDDLDYLIKYKYE
5f6qA_119-133,GTLQNRLEYYKEDKK
5gujA_249-263,YNFYKARLHIRKQER
5hzpC_113-126,QAKKHQEYKQEQEE
5k04A_402-416,YNYKLKLWLMKLYSQ
5kx4A_72-86,CTKFSEIYDCYMKKK
5svdA_359-373,ARLKYVERLYRLYMK
5tnuA_399-413,TKRQFLQRLGRILRK
5ts4A_39-53,RGSEECKKFAEEMKK
5xwpA_264-278,MSELKKSQVFYKYYL
5z67A_321-334,LDDNRKKYILKKLE
6amxA_15-28,KKPQDRLKEIIFRK
6b1zA_86-100,ERRDIYDRYTEQILK
6fqcA_112-125,MKMKYYIEYMESTR
1f0yA_110-124,ENLKVKNELFKRLDK
1fkaD_54-68,YAVRLREKQKLRRIY
1gteA_29-43,HSTLAKKLDKKHWKR
1hstA_45-59,SSRQSIQKYIKSHYK
1kbiA_330-343,LTWKDIEELKKKTK
1v77A_40-54,VDKEKLREARKEYGK
1w1wB_177-189,QYKKEYEELKEKI
2croA_0-14,QTLSERLKKRRIALK
2cx0A_17-31,LSKKERRSLLERLKP
2dbgA_50-64,YNRIKITDLMEKKFQ
2gjuA_224-237,YDKKIIEDRIKLEK
2jntA_90-104,KWRKKYEDRAKAKGI
2osoA_66-80,KNIEELKKIFKLMNF
2qg7A_63-77,EDRSEKAKELLKKYV
2qk1A_545-559,LDNLKRKKIEETVKT
2wyrA_19-33,YEERIREEIIREIKD
2yxdA_110-123,KNIEKIIEILDKKK
2z67A_253-267,QNNYYLEKLKKAFKY
2zj2A_533-547,REFERLEEEYYEFKD
3a62A_296-309,ENRKKTIDKILKCK
3bq5A_14-28,KREFKKALEDFWKGK
3c37A_233-247,DETEFKKIKGRLKLE
3db2A_37-51,RTEDKREKFGKRYNC
3dodA_61-75,RKKELDDAIKKQLGK
3egwA_113-127,MRKRLMKMWREAKAL
3ieyB_44-58,LDEKTIIKEGVKKYK
3imfA_35-49,RTKEKLEEAKLEIEQ
3mvaO_383-396,WSKKRYEAKLKKLS
3nf5A_998-1012,HRIMERYSEKLKKIP
3td8A_28-42,KLKKEISYFKRVTSF
3vn5A_137-151,IKPEEYNKLYRKFRN
4a15A_480-493,DQKELYSMLKKFRR
4akvA_337-351,DDKQWKMGKRRAEKD
4dhkA_4-18,KSDKWIRRMAEEHKM
4ehxA_301-314,EREEKLKKLIYRIF
4grfA_320-334,RREEDWKKAIEEDKS
4lunU_32-46,SSIKRNTGFIKKLKK
4o1sA_20-33,IKIKDLYSSERKKE
4q0rB_909-923,KFEKDLRKKLVNNEI
4tqgA_36-50,RDESKHWSMELKYKS
4wcxA_9-23,INDEKIRQDLEKAKK
5ehmA_247-261,EGKLHILKTKWWKEK
5eybA_405-419,RTRLQCRYKFQQLTK
5fmzB_570-583,KRMKIIKELWENTK
5gtmA_194-208,IGYKIKTLIKKYIQR
5xwpA_432-446,NKKNEVKENLKMFYS
6b8nA_325-338,KVQEQHRQKHFEKR
6bdtA_59-72,KTFEQLHKKCLEKK
6fcxA_43-57,ERLREKMRRRLESGD
1c1kA_54-67,RDKYFFQKLSEKYK
1vmbA_98-111,RRFDLEKKERKAQR
1vp2A_91-105,HSYKEKMRTILKMLE
1yr7A_170-184,LSEEEKERHRKYFED
2akpA_185-199,LEEKRIKEVIKRHSE
2ej9A_175-189,IDDYEILKKYKKYSI
2fokA_387-400,KSELEEKKSELRHK
2hpgA_281-295,KELEEEYKQKCIEKG
2yxhA_100-114,ISLEEAEKIWKERKK
3agkA_12-26,ISKRELARLLKELKK
3h9pA_144-158,LKDRKTEEEIAQKKI
3i3vA_330-344,RKIEQVEKFLRFMYR
3ilxA_180-194,QKYEKVKKCAEELKN
3n72A_131-144,KKEGKEKIKECLKN
3quaA_100-114,DTMRERKREMEHRSD
3tgvA_12-26,MRLEPEIKEFRQERK
4a15A_281-295,RFQEFMEYMRIMNKR
4dduA_160-173,KEEKEKFEKSFEED
4ikbA_58-72,RRYREFVWLRKQLQR
4o0cA_140-153,VTERNKKRLEKEKH
4y66E_9-23,DEKKERLLEEMLKRG
5a0nA_119-133,INKEQYTKLLKENHK
5cdhA_153-167,VDRKERKKLMEQYVF
5v2jA_407-420,EGERSKEMKKNVKK
5wurA_2-15,EMMIKKRIKQVKKG
5wx8A_1397-1411,YDKDEIKRFIQLQKQ
5xwpA_882-896,ISIEELKKYSNKKNE
6cn0A_43-57,KQLEKEVRKKLHQAY
1epwA_314-328,ININIYKNKFKDKYK
1ku9A_121-135,EEKEFIKQKIKGIER
1lrzA_175-189,MDGLRKRNTKKVKKN
1mkyA_310-324,KRYDEFTKLFREKLY
1tkiA_291-305,RTLKHRRYYHTLIKK
1x41A_41-55,KTKEECEKHYMKYFS
2amiA_43-57,PKKEEIKKMISEIDK
2of3A_609-622,NEDKKQRIKEEKQL
2pt5A_125-139,EIKNLFEERRKIYSK
3gq2A_559-573,YMKEKLKQLIEKRIG
3l7vA_39-53,SDKKGLERKFEAKKR
3o4rA_225-239,MDKEKEESMKETLRI
3rioA_55-68,KDEKEQKQFKKLLD
3vwbA_232-246,IYKKEILNIIKKSKN
4az9A_37-51,KRYSEFHALHKKLKK
4dv8A_265-279,LSRYEKWEKIKQHYQ
4hg0A_149-163,KRVDRMLKEFRSQRY
4jj0A_148-161,KTLKKMQKETRRVQ
4wrtC_183-196,IHRELIKEKREKLK
4xpzA_150-164,RLESENVKRLRQEKR
6bnbB_219-233,CSYKWWQKYQKRKFH
1tqhA_144-158,KSEEQIEQEMEKFKQ
3k1jA_616-630,ESEKKRELLRRIRET
3qkiA_465-479,KTYEQVKEENEKNKM
3tviA_146-160,FDEKKSYEKIKEKVL
5vitA_11-25,WSRRRQEKQRRLERV
2kpoA_33-47,KTEDELKKYLEEFRK
4g5hA_37-51,RDEKKQDDIRKKYNN
4qboA_2-16,RTEKDIENYLKKKTK
5yo8A_318-331,KNKELKKKSKQMIK
5wtjA_1122-1136,SKEYKEKYIKKLKEN
PPepDB_1,AA
PPepDB_7,AH
PPepDB_10,AR
PPepDB_18,AW
PPepDB_25,DA
PPepDB_27,EA
PPepDB_28,EG
PPepDB_29,EK
PPepDB_30,EP
PPepDB_32,EV
PPepDB_34,EW
PPepDB_35,EY
PPepDB_38,FK
PPepDB_42,FR
PPepDB_48,FW
PPepDB_51,GD
PPepDB_53,GE
PPepDB_55,GG
PPepDB_56,GH
PPepDB_57,GI
PPepDB_58,GK
PPepDB_61,GM
PPepDB_66,GR
PPepDB_68,GS
PPepDB_69,GT
PPepDB_71,GV
PPepDB_72,GW
PPepDB_74,HG
PPepDB_75,HK
PPepDB_77,HP
PPepDB_83,IG
PPepDB_95,IW
PPepDB_99,KE
PPepDB_101,KG
PPepDB_103,KP
PPepDB_104,KR
PPepDB_105,KW
PPepDB_106,LA
PPepDB_112,LG
PPepDB_121,LN
PPepDB_130,LQ
PPepDB_155,ME
PPepDB_156,MF
PPepDB_157,MG
PPepDB_159,MY
PPepDB_160,NG
PPepDB_164,PH
PPepDB_167,PQ
PPepDB_168,PT
PPepDB_171,QG
PPepDB_178,RF
PPepDB_180,RP
PPepDB_182,RR
PPepDB_183,RW
PPepDB_184,RY
PPepDB_185,SG
PPepDB_190,TE
PPepDB_193,TQ
PPepDB_199,VE
PPepDB_201,VG
PPepDB_210,VL
PPepDB_212,VR
PPepDB_229,YH
PPepDB_235,YV
PPepDB_240,AY
PPepDB_241,AF
PPepDB_429,PW
PPepDB_557,YK
PPepDB_568,KL
PPepDB_569,LY
PPepDB_570,NK
PPepDB_571,QK
PPepDB_2313,AV
PPepDB_2360,EC
PPepDB_2400,FA
PPepDB_2404,FN
PPepDB_2407,FV
PPepDB_2499,HA
PPepDB_2579,KK
PPepDB_2613,LK
PPepDB_2720,NP
PPepDB_2724,PA
PPepDB_2725,PF
PPepDB_2736,PI
PPepDB_2740,PN
PPepDB_2754,PV
PPepDB_2823,SC
PPepDB_2854,VA
PPepDB_2871,VV
PPepDB_2894,AG
PPepDB_2895,AI
PPepDB_2898,AP
PPepDB_2903,FG
PPepDB_2905,FP
PPepDB_2907,GA
PPepDB_2910,GL
PPepDB_2911,GP
PPepDB_2912,GQ
PPepDB_2914,HY
PPepDB_2915,IF
PPepDB_2919,KA
PPepDB_2923,LF
PPepDB_2930,MA
PPepDB_2931,MP
PPepDB_2932,PG
PPepDB_2933,PL
PPepDB_2936,PP
PPepDB_2938,PR
PPepDB_2941,RA
PPepDB_2942,RL
PPepDB_2945,TG
PPepDB_2953,VP
PPepDB_2957,WH
PPepDB_2958,YG
PPepDB_2960,YP
PPepDB_2961,YQ
PPepDB_2963,YW
PPepDB_2966,GF
PPepDB_2967,GY
PPepDB_2973,IR
PPepDB_2989,VY
PPepDB_3000,HH
PPepDB_3001,LH
PPepDB_3007,HL
PPepDB_3008,IA
PPepDB_3010,KY
PPepDB_3014,NF
PPepDB_3015,NY
PPepDB_3017,SY
PPepDB_3030,EL
PPepDB_3130,DY
PPepDB_3133,EF
PPepDB_3167,FF
PPepDB_3312,II
PPepDB_3322,IL
PPepDB_3338,IT
PPepDB_3418,LE
PPepDB_3424,LI
PPepDB_3428,LL
PPepDB_3464,LT
PPepDB_3479,MD
PPepDB_3566,QV
PPepDB_3629,SW
PPepDB_3684,VT
PPepDB_3719,EI
PPepDB_3720,FI
PPepDB_3721,FL
PPepDB_3722,FY
PPepDB_3724,IE
PPepDB_3734,LW
PPepDB_3742,VW
PPepDB_3744,WG
PPepDB_3747,YA
PPepDB_3748,YL
PPepDB_3789,DG
PPepDB_3792,IY
PPepDB_3818,LP
PPepDB_3826,IP
PPepDB_3829,KF
PPepDB_3836,TF
PPepDB_3837,VF
PPepDB_3839,WL
PPepDB_3846,SF
PPepDB_3850,VK
PPepDB_3,AEL
PPepDB_4,AFL
PPepDB_12,ARF
PPepDB_15,ASY
PPepDB_16,ATF
PPepDB_19,AWW
PPepDB_20,AYP
PPepDB_22,AYW
PPepDB_36,FAL
PPepDB_37,FAP
PPepDB_39,FLP
PPepDB_41,FQP
PPepDB_43,FRC
PPepDB_46,FSQ
PPepDB_54,GFR
PPepDB_64,GPV
PPepDB_67,GRP
PPepDB_78,IAE
PPepDB_82,IFG
PPepDB_84,IKL
PPepDB_86,IPA
PPepDB_87,IPY
PPepDB_88,IQY
PPepDB_89,IRH
PPepDB_90,IRP
PPepDB_92,ISP
PPepDB_96,IWH
PPepDB_97,IYP
PPepDB_107,LAP
PPepDB_108,LAQ
PPepDB_110,LEP
PPepDB_111,LEY
PPepDB_115,LHP
PPepDB_117,LKA
PPepDB_118,LKP
PPepDB_124,LNQ
PPepDB_126,LPG
PPepDB_127,LPN
PPepDB_140,LRW
PPepDB_141,LRY
PPepDB_147,LTF
PPepDB_148,LVE
PPepDB_149,LVP
PPepDB_151,LYP
PPepDB_163,PGL
PPepDB_165,PPK
PPepDB_170,PYP
PPepDB_172,QGR
PPepDB_188,SVR
PPepDB_192,TNP
PPepDB_196,VAF
PPepDB_198,VAV
PPepDB_206,VIP
PPepDB_209,VKP
PPepDB_213,VRF
PPepDB_215,VRL
PPepDB_217,VRN
PPepDB_218,VRP
PPepDB_220,VSV
PPepDB_221,VTP
PPepDB_222,VTY
PPepDB_226,VVW
PPepDB_227,VVY
PPepDB_236,YVP
PPepDB_278,ADF
PPepDB_304,GGV
PPepDB_308,GYK
PPepDB_310,HHP
PPepDB_313,HLH
PPepDB_318,HPH
PPepDB_327,IVG
PPepDB_329,IYK
PPepDB_330,KFY
PPepDB_333,KYY
PPepDB_359,NKL
PPepDB_380,PHH
PPepDB_437,PYY
PPepDB_523,SDF
PPepDB_542,VPW
PPepDB_551,WPL
PPepDB_556,YHH
PPepDB_558,YKY
PPepDB_560,YNK
PPepDB_2260,AAL
PPepDB_2269,AIA
PPepDB_2359,EAE
PPepDB_2361,ECA
PPepDB_2362,ECE
PPepDB_2408,GAL
PPepDB_2424,GFL
PPepDB_2459,GLY
PPepDB_2463,GPR
PPepDB_2517,IPI
PPepDB_2574,JYP
PPepDB_2581,KPS
PPepDB_2584,KRP
PPepDB_2608,LEL
PPepDB_2611,LGY
PPepDB_2734,PGP
PPepDB_2741,PPG
PPepDB_2774,RGD
PPepDB_2788,RLL
PPepDB_2865,VPL
PPepDB_2877,YFL
PPepDB_2878,YGG
PPepDB_2887,YPF
PPepDB_2896,AIP
PPepDB_2901,AVP
PPepDB_2904,FNQ
PPepDB_2906,FWN
PPepDB_2908,GGY
PPepDB_2909,GKP
PPepDB_2913,HIR
PPepDB_2916,ILP
PPepDB_2917,IRA
PPepDB_2920,LAA
PPepDB_2922,LAY
PPepDB_2924,LNP
PPepDB_2925,LPP
PPepDB_2926,LQQ
PPepDB_2927,LVL
PPepDB_2928,LVR
PPepDB_2934,PLP
PPepDB_2937,PQR
PPepDB_2943,TAP
PPepDB_2947,VAA
PPepDB_2948,VAP
PPepDB_2949,VAY
PPepDB_2951,VLP
PPepDB_2954,VSP
PPepDB_2955,VWY
PPepDB_2956,VYP
PPepDB_2962,YQY
PPepDB_2964,DLP
PPepDB_2968,HHL
PPepDB_2972,IQP
PPepDB_2976,LLP
PPepDB_2978,LSA
PPepDB_2979,LSP
PPepDB_2980,LVY
PPepDB_2982,MRW
PPepDB_2986,VIY
PPepDB_2990,YPK
PPepDB_2997,GYY
PPepDB_3002,LHH
PPepDB_3006,FFL
PPepDB_3011,PLG
PPepDB_3013,IVY
PPepDB_3016,PSY
PPepDB_3045,AAP
PPepDB_3083,AMY
PPepDB_3136,EIL
PPepDB_3166,FEY
PPepDB_3194,FSF
PPepDB_3202,FVP
PPepDB_3203,FYL
PPepDB_3298,IAV
PPepDB_3303,IEL
PPepDB_3304,IEW
PPepDB_3317,IIY
PPepDB_3320,IKW
PPepDB_3321,IKY
PPepDB_3480,MDL
PPepDB_3481,MDN
PPepDB_3639,TLS
PPepDB_3661,VEV
PPepDB_3680,VPY
PPepDB_3695,WHP
PPepDB_3698,WTP
PPepDB_3700,WYT
PPepDB_3713,YSK
PPepDB_3714,YSL
PPepDB_3723,GQY
PPepDB_3725,IEP
PPepDB_3726,IEY
PPepDB_3727,IIP
PPepDB_3728,IKP
PPepDB_3729,IPP
PPepDB_3730,ITP
PPepDB_3731,LLF
PPepDB_3732,LRP
PPepDB_3740,VNP
PPepDB_3741,VPP
PPepDB_3743,VWP
PPepDB_3790,GPP
PPepDB_3791,IVF
PPepDB_3793,LEF
PPepDB_3794,LNF
PPepDB_3795,LSW
PPepDB_3825,IFL
PPepDB_3827,ITF
PPepDB_3831,LGI
PPepDB_3832,LKY
PPepDB_3833,LQP
PPepDB_3835,PRY
PPepDB_3847,IAP
PPepDB_3849,RIY
PPepDB_9,ALEP
PPepDB_33,EVPK
PPepDB_40,FLPP
PPepDB_49,FYQQ
PPepDB_52,GDAP
PPepDB_59,GKWG
PPepDB_60,GLFG
PPepDB_62,GMGA
PPepDB_73,HDHM
PPepDB_79,IAPG
PPepDB_94,IVVE
PPepDB_100,KFAR
PPepDB_102,KIEL
PPepDB_113,LGGC
PPepDB_116,LIQP
PPepDB_123,LNPA
PPepDB_128,LPPP
PPepDB_133,LQQQ
PPepDB_142,LSLP
PPepDB_143,LSPA
PPepDB_145,LSPY
PPepDB_152,LYQA
PPepDB_173,QPIP
PPepDB_174,QQQG
PPepDB_176,RALP
PPepDB_181,RPLA
PPepDB_187,SNIP
PPepDB_191,TGVY
PPepDB_195,TYCQ
PPepDB_197,VAND
PPepDB_200,VEGY
PPepDB_219,VRSP
PPepDB_224,VVPP
PPepDB_228,YEAP
PPepDB_231,YNKL
PPepDB_232,YQAP
PPepDB_233,YQQP
PPepDB_237,KFYG
PPepDB_239,YKYY
PPepDB_242,TQVY
PPepDB_287,DHHQ
PPepDB_290,DVWY
PPepDB_303,FVPH
PPepDB_309,HHLP
PPepDB_311,HHPL
PPepDB_314,HLHP
PPepDB_315,HLPH
PPepDB_319,HPHL
PPepDB_320,HPLH
PPepDB_338,LHPH
PPepDB_339,LLHH
PPepDB_340,LLPH
PPepDB_346,LPHH
PPepDB_347,LPYY
PPepDB_354,LYPY
PPepDB_384,PLHH
PPepDB_531,TTYY
PPepDB_532,VFPW
PPepDB_535,VGVL
PPepDB_554,WTFR
PPepDB_561,YPLG
PPepDB_567,AIYK
PPepDB_2279,APWC
PPepDB_2316,AWPF
PPepDB_2317,HDSE
PPepDB_2323,CECG
PPepDB_2363,ECEC
PPepDB_2717,NAGA
PPepDB_2744,PPLP
PPepDB_2745,PPPA
PPepDB_2834,SKGL
PPepDB_2844,SWSF
PPepDB_2882,YIYT
PPepDB_2897,ALPP
PPepDB_2921,LAMA
PPepDB_2939,PRVF
PPepDB_2940,QVVF
PPepDB_2944,TAPY
PPepDB_2950,VFPS
PPepDB_2959,YGGY
PPepDB_2970,INSQ
PPepDB_2977,LPHF
PPepDB_2984,SPYP
PPepDB_2985,TVPY
PPepDB_2998,GYYP
PPepDB_3004,YGGW
PPepDB_3009,IYLL
PPepDB_3032,KAFR
PPepDB_3119,DMKP
PPepDB_3126,DSSG
PPepDB_3149,EPTE
PPepDB_3168,FFYY
PPepDB_3171,FIET
PPepDB_3174,FLPF
PPepDB_3318,IIYA
PPepDB_3323,ILDL
PPepDB_3341,IVIL
PPepDB_3343,IVVL
PPepDB_3376,KPKL
PPepDB_3406,LAIP
PPepDB_3412,LDIF
PPepDB_3419,LEPP
PPepDB_3425,LIVT
PPepDB_3429,LLAH
PPepDB_3431,LLES
PPepDB_3432,LLMQ
PPepDB_3438,LLTC
PPepDB_3445,LQAE
PPepDB_3470,LVLL
PPepDB_3471,LVVI
PPepDB_3485,MFIF
PPepDB_3490,MITL
PPepDB_3519,NPYM
PPepDB_3564,QRPR
PPepDB_3569,RDHP
PPepDB_3586,RQRK
PPepDB_3590,RSKK
PPepDB_3606,SGAM
PPepDB_3628,SVYT
PPepDB_3650,VAIP
PPepDB_3668,VLVI
PPepDB_3682,VSII
PPepDB_3688,VVNE
PPepDB_3696,WNPR
PPepDB_3699,WVYY
PPepDB_3709,YLVR
PPepDB_3715,YVAT
PPepDB_3717,YVWK
PPepDB_3755,ERAF
PPepDB_3758,FTTQ
PPepDB_3767,MDLA
PPepDB_3768,MFDL
PPepDB_3781,SDGS
PPepDB_3787,YQGS
PPepDB_3788,YTGN
PPepDB_3824,AMQS
PPepDB_3838,VWIS
PPepDB_2,AEFGS
PPepDB_5,AFPGS
PPepDB_6,AFPRS
PPepDB_8,AKYSY
PPepDB_13,ARPSR
PPepDB_14,ASVRT
PPepDB_21,AYPQQ
PPepDB_31,ERGDT
PPepDB_44,FREGD
PPepDB_45,FRHEA
PPepDB_50,GCETR
PPepDB_63,GPCSR
PPepDB_70,GTEKC
PPepDB_80,IDPNG
PPepDB_81,IEPQG
PPepDB_93,ISSSK
PPepDB_98,IYSNN
PPepDB_109,LCNGS
PPepDB_114,LHLPS
PPepDB_119,LKSQQ
PPepDB_120,LLPPY
PPepDB_122,LNECQ
PPepDB_131,LQPHQ
PPepDB_132,LQQGG
PPepDB_134,LQQQP
PPepDB_135,LQQQQ
PPepDB_136,LRQRQ
PPepDB_137,LRQSQ
PPepDB_138,LRRGQ
PPepDB_139,LRRQQ
PPepDB_146,LSRGQ
PPepDB_150,LYKNG
PPepDB_153,LYRNG
PPepDB_169,PVPQP
PPepDB_177,RDLPG
PPepDB_186,SKPHT
PPepDB_203,VHIPP
PPepDB_204,VHLAP
PPepDB_208,VKAGE
PPepDB_214,VRKGQ
PPepDB_216,VRMPQ
PPepDB_223,VVGAK
PPepDB_225,VVPPA
PPepDB_230,YLEPA
PPepDB_286,DDLPR
PPepDB_312,HHPLL
PPepDB_342,LLPSY
PPepDB_343,LMSPH
PPepDB_345,LPAGA
PPepDB_355,MDGAP
PPepDB_356,MGSPT
PPepDB_358,NFHPQ
PPepDB_562,YPQPQ
PPepDB_573,LLPHH
PPepDB_1785,GRVKA
PPepDB_1814,GVAWA
PPepDB_1831,GVKYA
PPepDB_1841,GYAFA
PPepDB_1843,GYVAA
PPepDB_1863,PGFVF
PPepDB_1911,PYLAG
PPepDB_2015,GYRFS
PPepDB_2025,FYPFG
PPepDB_2355,DTEAR
PPepDB_2358,DYVGN
PPepDB_2364,ECECE
PPepDB_2374,ECECG
PPepDB_2394,EQRPR
PPepDB_2411,GAYKV
PPepDB_2426,GFYPF
PPepDB_2576,KEEAE
PPepDB_2729,PGFSL
PPepDB_2753,PTSFT
PPepDB_2853,TYLGS
PPepDB_2883,YIYTQ
PPepDB_2892,YYAPF
PPepDB_2918,IRAQQ
PPepDB_2929,LYPVK
PPepDB_2946,TPRVF
PPepDB_2974,IYPRY
PPepDB_2981,MLPAY
PPepDB_2983,MRWRD
PPepDB_2987,VLIVP
PPepDB_2991,YVVFK
PPepDB_2999,GYYPT
PPepDB_3005,YGGWL
PPepDB_3029,DIGYY
PPepDB_3031,HIMQK
PPepDB_3035,YPFVV
PPepDB_3071,AFGPE
PPepDB_3098,AVKVL
PPepDB_3103,CPGLP
PPepDB_3105,CPGNK
PPepDB_3107,DEVPR
PPepDB_3115,DLKLP
PPepDB_3122,DPGLQ
PPepDB_3131,DYVPG
PPepDB_3147,EPPLP
PPepDB_3161,FAPEF
PPepDB_3164,FDIRA
PPepDB_3201,FVLGL
PPepDB_3224,GHVPP
PPepDB_3236,GKPLP
PPepDB_3249,GLTSK
PPepDB_3261,GQVPP
PPepDB_3295,HPLPP
PPepDB_3307,IFSPR
PPepDB_3325,IPAGV
PPepDB_3329,IQQGN
PPepDB_3333,ISFRQ
PPepDB_3340,IVEYF
PPepDB_3344,IYSPH
PPepDB_3345,IYTPH
PPepDB_3349,KDVPP
PPepDB_3353,KGAIG
PPepDB_3354,KGALG
PPepDB_3355,KGIFG
PPepDB_3356,KGLFG
PPepDB_3359,KHFLA
PPepDB_3361,KKSSG
PPepDB_3373,KNILE
PPepDB_3375,KPGLP
PPepDB_3396,KTYGL
PPepDB_3400,KYMKS
PPepDB_3411,LDFPA
PPepDB_3413,LDPGL
PPepDB_3420,LFSPR
PPepDB_3426,LIVTQ
PPepDB_3430,LLAQA
PPepDB_3433,LLNDE
PPepDB_3444,LPYPR
PPepDB_3450,LRDDF
PPepDB_3456,LSAQY
PPepDB_3457,LSFNT
PPepDB_3458,LSGNK
PPepDB_3459,LSGVF
PPepDB_3467,LTFPG
PPepDB_3473,LYSPH
PPepDB_3474,LYTPH
PPepDB_3488,MHTDD
PPepDB_3494,MPHLK
PPepDB_3497,MRDLK
PPepDB_3500,MTEEY
PPepDB_3515,NLPLL
PPepDB_3517,NPATY
PPepDB_3518,NPSLP
PPepDB_3520,NQLDQ
PPepDB_3534,PGLPK
PPepDB_3539,PHHIA
PPepDB_3552,PSLPA
PPepDB_3554,QHTDD
PPepDB_3557,QLPLL
PPepDB_3571,RDRFL
PPepDB_3582,RPGLP
PPepDB_3594,RTLNL
PPepDB_3608,SGFAP
PPepDB_3610,SGSYS
PPepDB_3630,SWAQL
PPepDB_3631,TACKD
PPepDB_3634,TELAL
PPepDB_3638,TLPAL
PPepDB_3640,TLVGR
PPepDB_3655,VCANR
PPepDB_3664,VGTNK
PPepDB_3665,VKFMT
PPepDB_3669,VLVPK
PPepDB_3673,VPHHI
PPepDB_3675,VPPAN
PPepDB_3676,VPPKG
PPepDB_3697,WPFRL
PPepDB_3705,YFYQC
PPepDB_3706,YGAGS
PPepDB_3710,YNLRQ
PPepDB_3733,LVQGS
PPepDB_3738,STYQT
PPepDB_3739,VHLPP
PPepDB_3745,WNINA
PPepDB_3746,WNLNA
PPepDB_3754,EGGSF
PPepDB_3756,FATGT
PPepDB_3761,LAPPG
PPepDB_3769,NPPSV
PPepDB_3771,QFYAV
PPepDB_3777,RPSYT
PPepDB_3780,RWAEK
PPepDB_3782,SGAGY
PPepDB_3784,YAAAT
PPepDB_3785,YAGGS
PPepDB_3796,MDFLI
PPepDB_3799,YPLDL
PPepDB_3821,TVVPG
PPepDB_3828,KDYRL
PPepDB_3845,YPISL
PPepDB_26,DYLRSC
PPepDB_76,HLPPPV
PPepDB_125,LNSPAY
PPepDB_129,LPPPVH
PPepDB_144,LSPQSY
PPepDB_161,NIDTDL
PPepDB_162,NLDTDI
PPepDB_166,PPPVHL
PPepDB_175,RADHPF
PPepDB_179,RGLERA
PPepDB_194,TTMPLW
PPepDB_202,VGLPIF
PPepDB_205,VHLPPP
PPepDB_207,VIPAAY
PPepDB_234,YSQQQQ
PPepDB_293,FDGEVK
PPepDB_332,KLYMRP
PPepDB_341,LLPHHH
PPepDB_352,LRTLPM
PPepDB_496,QQPYPQ
PPepDB_526,SVNVPL
PPepDB_541,VPLSPT
PPepDB_549,VVVVPH
PPepDB_1763,GLPGWP
PPepDB_1781,GLVLPS
PPepDB_1786,GSIFFS
PPepDB_1787,GSIFFA
PPepDB_1810,GTFLYA
PPepDB_1811,GTFLYT
PPepDB_1812,GTFLYV
PPepDB_1815,GVGFYI
PPepDB_1838,GVPVWA
PPepDB_1842,GYKDCC
PPepDB_1862,PFYPGL
PPepDB_1867,PGIVYF
PPepDB_1868,PGVFSI
PPepDB_1869,PIFFPG
PPepDB_1873,PIVFAG
PPepDB_1974,AYNFGL
PPepDB_2017,PGLVIY
PPepDB_2192,PGLGFY
PPepDB_2322,CECECG
PPepDB_2365,ECECEC
PPepDB_2479,GSIFFS
PPepDB_2513,IFFPGP
PPepDB_2609,LFFSQL
PPepDB_2618,LPFNQL
PPepDB_2619,LPLWPG
PPepDB_2620,LPYFPG
PPepDB_2622,LQLLEL
PPepDB_2832,SGSIFF
PPepDB_2857,VFDGEL
PPepDB_2864,VPFGVG
PPepDB_2875,WVPSVY
PPepDB_2888,YPFVVN
PPepDB_2900,AVNPIR
PPepDB_2952,VLYRDG
PPepDB_2988,VTPALR
PPepDB_3003,VAWWMY
PPepDB_3012,YLAGNQ
PPepDB_3022,GSIFFA
PPepDB_3074,AIGPHH
PPepDB_3075,AIILHQ
PPepDB_3078,ALRMSG
PPepDB_3079,ALRYFM
PPepDB_3084,ANSLLN
PPepDB_3099,CFNEYE
PPepDB_3100,CGPHGA
PPepDB_3106,DENSKF
PPepDB_3112,DGVVYY
PPepDB_3116,DLPGLT
PPepDB_3118,DLTDFL
PPepDB_3127,DSWRPW
PPepDB_3129,DVPPYM
PPepDB_3132,EEGGSV
PPepDB_3141,ELAAAC
PPepDB_3145,EPALVP
PPepDB_3148,EPPLPP
PPepDB_3192,FQLPKF
PPepDB_3210,GEGSGA
PPepDB_3213,GFYPPP
PPepDB_3214,GGDEAG
PPepDB_3216,GGGLHK
PPepDB_3217,GGNEGA
PPepDB_3219,GGSGNY
PPepDB_3233,GKGIFG
PPepDB_3257,GPGLVT
PPepDB_3262,GQVPPQ
PPepDB_3270,GSSDNR
PPepDB_3277,HCQRPA
PPepDB_3278,HCQRPR
PPepDB_3294,HNTPSR
PPepDB_3299,IAVPTG
PPepDB_3300,ICPGLP
PPepDB_3310,IGQVPP
PPepDB_3315,IIPLEN
PPepDB_3351,KEHQRA
PPepDB_3357,KGPASK
PPepDB_3358,KGVITQ
PPepDB_3369,KLWMRP
PPepDB_3372,KMARPV
PPepDB_3374,KNPQLR
PPepDB_3421,LGTFQN
PPepDB_3422,LHALLL
PPepDB_3499,MRSVVT
PPepDB_3506,NFLARF
PPepDB_3511,NLGDPS
PPepDB_3512,NLGNPE
PPepDB_3535,PGLPKK
PPepDB_3537,PGLQAN
PPepDB_3538,PGVPWP
PPepDB_3548,PPHMLP
PPepDB_3550,PSGQYY
PPepDB_3570,RDPIYS
PPepDB_3581,RNPIYS
PPepDB_3611,SGYYMH
PPepDB_3657,VDLPGL
PPepDB_3659,VEGGLS
PPepDB_3666,VLLHLK
PPepDB_3711,YPNQKV
PPepDB_3735,NIDTDI
PPepDB_3736,NLDTDL
PPepDB_3737,RPLKPW
PPepDB_3752,AGPVLL
PPepDB_3753,AQIPQQ
PPepDB_3757,FFECSG
PPepDB_3766,LTPTSN
PPepDB_3774,RKRAAQ
PPepDB_3783,SPYCYG
PPepDB_3800,YPLDLF
PPepDB_3813,GGVIPN
PPepDB_3834,LRIPVA
PPepDB_3848,NWGPLV
PPepDB_11,ARDLPGQ
PPepDB_17,AVPYPQR
PPepDB_23,CFCTKPC
PPepDB_24,CVTPALR
PPepDB_65,GQMRQPI
PPepDB_85,IMVAEAR
PPepDB_91,IRYLPRG
PPepDB_158,MMEPMVK
PPepDB_211,VMDKPQG
PPepDB_283,ALEPDHR
PPepDB_321,HVAGTVA
PPepDB_335,LFSGGES
PPepDB_391,PQIPEQF
PPepDB_521,RPNYTDA
PPepDB_533,VGAPSVS
PPepDB_534,VGPLSPT
PPepDB_536,VGVPGGV
PPepDB_563,YPQPQPF
PPepDB_572,TIIPLPV
PPepDB_576,VIPAGYP
PPepDB_687,CSYTMEA
PPepDB_1690,GDLVTYF
PPepDB_1757,GLHFAFP
PPepDB_1780,GLSFAFP
PPepDB_1783,GPIPFYG
PPepDB_1784,GRPWNLA
PPepDB_1840,GWVPLWP
PPepDB_1847,LIATGTF
PPepDB_1853,PAPFWGG
PPepDB_1860,PFPGYGG
PPepDB_1866,PGIGFYS
PPepDB_1875,PLGLLLY
PPepDB_1876,PLGVLLY
PPepDB_1877,PLILGYG
PPepDB_1878,PLLPYGS
PPepDB_1880,PNAWLGT
PPepDB_1885,PPIFGSL
PPepDB_1906,PVIFGIT
PPepDB_1907,PVPGSFG
PPepDB_1908,PVPGYYY
PPepDB_2007,GTILGVF
PPepDB_2013,GYLLPPS
PPepDB_2016,LATWLGV
PPepDB_2020,PPVYGPE
PPepDB_2157,KVFLGLK
PPepDB_2161,YQCGQGG
PPepDB_2366,ECECECE
PPepDB_2373,ECECECG
PPepDB_2423,GFDFILP
PPepDB_2429,GGPFPGY
PPepDB_2434,GIGFYSP
PPepDB_2464,GPTVADL
PPepDB_2465,GPTWANL
PPepDB_2483,GTFFGFF
PPepDB_2498,GYYYPVP
PPepDB_2626,LWPGGSS
PPepDB_2726,PGAGVVL
PPepDB_2731,PGLNAVT
PPepDB_2732,PGLPYAN
PPepDB_2733,PGMGLYL
PPepDB_2751,PSWLAGT
PPepDB_2752,PSWLVGS
PPepDB_2846,TPVIFGI
PPepDB_2872,WALLVSP
PPepDB_2873,WGLLLTP
PPepDB_2889,YPFVVNA
PPepDB_2899,ASYDTKF
PPepDB_2935,PNNKPFQ
PPepDB_2969,IAYKPAG
PPepDB_3046,APGAGVY
PPepDB_3070,AEYVRLY
PPepDB_3076,AIILHQQ
PPepDB_3092,ASLLPPY
PPepDB_3108,DFYNPKA
PPepDB_3114,DHPFLFL
PPepDB_3138,EIVPPAN
PPepDB_3153,ESGAVTE
PPepDB_3163,FDAVGVK
PPepDB_3169,FGPEMEQ
PPepDB_3170,FIDNIFR
PPepDB_3175,FLVPPQE
PPepDB_3191,FQIPRED
PPepDB_3204,GAAGGAF
PPepDB_3207,GANSLLN
PPepDB_3227,GIHWWYK
PPepDB_3256,GNHEAGE
PPepDB_3296,HQTSEFK
PPepDB_3305,IFENLQN
PPepDB_3314,IILHQQQ
PPepDB_3326,IPSEVLA
PPepDB_3327,IPSEVLS
PPepDB_3347,KAKVGRA
PPepDB_3368,KLQPFPF
PPepDB_3398,KVDHFPL
PPepDB_3435,LLPGANH
PPepDB_3452,LRGIENY
PPepDB_3454,LRVFSND
PPepDB_3462,LSSGDVF
PPepDB_3468,LTIPQNF
PPepDB_3493,MPACGSS
PPepDB_3525,NTGNLLG
PPepDB_3530,PGAAWIP
PPepDB_3545,PMAPLPR
PPepDB_3547,PPHMGGP
PPepDB_3551,PSIVGRP
PPepDB_3589,RRVIEPR
PPepDB_3592,RSVSKSR
PPepDB_3601,SAERGAL
PPepDB_3658,VDLPGLR
PPepDB_3677,VPPLYPN
PPepDB_3681,VSGAGRY
PPepDB_3707,YGPQQQE
PPepDB_3716,YVPHWDL
PPepDB_3786,YGNWLYK
PPepDB_3797,PGTAVFK
PPepDB_3843,FRDEHKK
PPepDB_3855,FAGTIFG
PPepDB_47,FTDVDFIK
PPepDB_154,MCESASSK
PPepDB_189,TCRGLERA
PPepDB_279,AFDAVGVK
PPepDB_282,AIRQGDVF
PPepDB_295,FPLEMMPF
PPepDB_331,KHNRGDEF
PPepDB_353,LVVDGEGY
PPepDB_464,QQHPQQPQ
PPepDB_522,SAEHGSLH
PPepDB_528,TRTGDPFF
PPepDB_530,TSQLLSDQ
PPepDB_577,VNPHDHQN
PPepDB_1515,VAGRAQGM
PPepDB_1527,WKLFDDGV
PPepDB_1560,TCSYTMEA
PPepDB_1685,GAPWLIAA
PPepDB_1710,GGTIIFGF
PPepDB_1758,GLLGTVLL
PPepDB_1759,GLLLPPFG
PPepDB_1760,GLLNLWGP
PPepDB_1839,GVPWAIAA
PPepDB_1844,ILGSIILG
PPepDB_1850,PMTAIVGY
PPepDB_1851,PMVAVYGT
PPepDB_1852,PALTTYGA
PPepDB_1854,PEAEWGEV
PPepDB_1855,PFFWIMLM
PPepDB_1856,PFFWIMLL
PPepDB_1857,PFFWIMLM
PPepDB_1858,PFFWVMLM
PPepDB_1859,PFFWVMLM
PPepDB_1861,PFSFGPLA
PPepDB_1864,PGGVLSYY
PPepDB_1870,PIFPPGLP
PPepDB_1872,PIPLPFNY
PPepDB_1874,PLFIMLVF
PPepDB_1881,PPAYDLGI
PPepDB_1884,PPFGIGGG
PPepDB_1886,PPIGVAAY
PPepDB_1887,PPITGLMQ
PPepDB_1888,PPITGLMQ
PPepDB_1890,PPLSGGYL
PPepDB_1892,PPPIFGGL
PPepDB_1898,PQTGMLPI
PPepDB_1899,PQTGMLPI
PPepDB_1900,PSPFLGTL
PPepDB_1901,PTFYPLIA
PPepDB_1902,PTFYPLIV
PPepDB_1903,PTPLFFGT
PPepDB_1904,PVAFPVLY
PPepDB_1905,PVFFAAGF
PPepDB_1909,PWLIAAGL
PPepDB_1912,PYPPFYSV
PPepDB_1986,GGWLAAIL
PPepDB_2018,PGYVLALV
PPepDB_2019,PMTAIVGY
PPepDB_2139,RLGDGCTR
PPepDB_2176,YCSYTMEA
PPepDB_2257,SPFWNINA
PPepDB_2277,APTFYPLI
PPepDB_2280,APYLLPPA
PPepDB_2321,CECECECG
PPepDB_2350,DHPRGGNY
PPepDB_2353,DLPRGGNY
PPepDB_2367,ECECECEC
PPepDB_2428,GGLPPPIF
PPepDB_2440,GIPILAIM
PPepDB_2441,GIPPAYDL
PPepDB_2534,JGSAIFVL
PPepDB_2612,LIPPGVPY
PPepDB_2621,LQAFEPLR
PPepDB_2666,MFFFEILY
PPepDB_2669,MGGKGCVD
PPepDB_2671,MGKAGSAI
PPepDB_2727,PGAVPIYA
PPepDB_2730,PGFVPFTI
PPepDB_2737,PISGAAVS
PPepDB_2738,PLYLFPFP
PPepDB_2739,PMVAVYGT
PPepDB_2743,PPLLFSGT
PPepDB_2747,PPWHGVNI
PPepDB_2852,TTYLGAPA
PPepDB_2861,VIPAVIPY
PPepDB_2866,VPTFYPLI
PPepDB_2867,VPYPPFYS
PPepDB_2965,FVNPQAGS
PPepDB_2975,LAIPVNKP
PPepDB_3068,AEINMPNY
PPepDB_3077,AIILHQQQ
PPepDB_3104,CPGLPIAN
PPepDB_3109,DGDPLLDQ
PPepDB_3212,GFPTLKIF
PPepDB_3252,GNAPGAVA
PPepDB_3271,GTFLQPHQ
PPepDB_3274,GVDNQPLF
PPepDB_3276,GYPMYPLR
PPepDB_3404,LAGNPENE
PPepDB_3405,LAGNPQDE
PPepDB_3423,LHPGDAQR
PPepDB_3439,LNCCNLLL
PPepDB_3465,LTADILPR
PPepDB_3507,NGDPLLDQ
PPepDB_3522,NSGPLVNP
PPepDB_3536,PGLPKKDG
PPepDB_3541,PKLPPVKK
PPepDB_3542,PLPLHMLP
PPepDB_3544,PLPWGAGF
PPepDB_3553,QFMLPKFK
PPepDB_3567,QVPPQLLG
PPepDB_3575,RGVFPCLK
PPepDB_3598,RVFSNDIL
PPepDB_3612,SHYFYQCY
PPepDB_3641,TQLDLPTQ
PPepDB_3649,VAHINVGK
PPepDB_3651,VAITLTMK
PPepDB_3652,VALGVPHH
PPepDB_3667,VLPPQQQY
PPepDB_3679,VPPSKLSP
PPepDB_3683,VSKSVLVK
PPepDB_3687,VTYDYYKN
PPepDB_3692,VVSLSIPR
PPepDB_3760,KLLLRRLQ
PPepDB_3770,PVNNPQIH
PPepDB_3773,REYLLVAQ
PPepDB_3775,RLLLKLRQ
PPepDB_3814,KHDRGDEF
PPepDB_3830,KLPAGTLF
PPepDB_323,IFPQPQQTF
PPepDB_326,IQPQQPFPQ
PPepDB_361,PFPQPQEPI
PPepDB_362,PFPQPQLPF
PPepDB_363,PFPQPQQPI
PPepDB_364,PFPQPQQPN
PPepDB_365,PFPQPQQPQ
PPepDB_366,PFPQPQQPT
PPepDB_367,PFPQPQQQF
PPepDB_368,PFPQPQQQL
PPepDB_369,PFPQPQQTF
PPepDB_370,PFPQQPFPQ
PPepDB_371,PFPQQPIPQ
PPepDB_372,PFPQQPQPY
PPepDB_373,PFPQQPQQI
PPepDB_374,PFPQQPQQQ
PPepDB_375,PFPQQPQQT
PPepDB_376,PFPQQPYPQ
PPepDB_377,PFPQQQQPL
PPepDB_378,PFPQTQQPQ
PPepDB_381,PHQQQQQQF
PPepDB_382,PIPQQPQPY
PPepDB_383,PIQQQPHQF
PPepDB_386,PLPQPQQPF
PPepDB_387,PLPQPQQPQ
PPepDB_388,PLPRPQQPF
PPepDB_390,PQHQFPQPT
PPepDB_392,PQPFPQQPI
PPepDB_393,PQPFPQQPQ
PPepDB_395,PQPQEPIPQ
PPepDB_396,PQPQLPFPQ
PPepDB_398,PQPQQPFPW
PPepDB_399,PQPQQPIPQ
PPepDB_400,PQPQQPIPV
PPepDB_401,PQPQQPNPQ
PPepDB_402,PQPQQPQQQ
PPepDB_403,PQPQQPTPI
PPepDB_404,PQPQQPYPQ
PPepDB_405,PQPQQQLPL
PPepDB_406,PQPQQQLPQ
PPepDB_407,PQPTQQFPQ
PPepDB_408,PQPYPQQPF
PPepDB_409,PQPYPQQPQ
PPepDB_410,PQPYPQQPY
PPepDB_411,PQQHQQFPQ
PPepDB_412,PQQLPQQQF
PPepDB_417,PQQQFPQPQ
PPepDB_418,PQQQFPQQM
PPepDB_419,PQQQFPQTQ
PPepDB_420,PQQQIPQPQ
PPepDB_421,PQQQLPQPQ
PPepDB_422,PQQQQPFPQ
PPepDB_423,PQTQQPQQQ
PPepDB_426,PRPQQPFPW
PPepDB_430,PWPQQPFPQ
PPepDB_432,PYPQQPFPQ
PPepDB_433,PYPQQPQPY
PPepDB_434,PYPQQPQQQ
PPepDB_435,PYPQQPYPS
PPepDB_438,QEPIPQQPQ
PPepDB_440,QFPQPQQPF
PPepDB_441,QFPQPQQPQ
PPepDB_442,QFPQQPQQI
PPepDB_443,QFPQQQIPV
PPepDB_444,QFPQTQQPQ
PPepDB_447,QHQQFPQQQ
PPepDB_449,QIPQTQQPQ
PPepDB_452,QLPFPQQPF
PPepDB_453,QLPFPQQPQ
PPepDB_454,QLPQQQFPQ
PPepDB_467,QQPFPPQQE
PPepDB_468,QQPFPQQPF
PPepDB_469,QQPFPQQPI
PPepDB_471,QQPFPQQPV
PPepDB_472,QQPFPQQPY
PPepDB_473,QQPFPQQTI
PPepDB_474,QQPFPQRPQ
PPepDB_476,QQPIPQQPQ
PPepDB_478,QQPIQQQPH
PPepDB_480,QQPLPQQPQ
PPepDB_481,QQPNPQQPQ
PPepDB_487,QQPQHQFPQ
PPepDB_488,QQPQLPFPQ
PPepDB_489,QQPQLPHGH
PPepDB_490,QQPQQPFPL
PPepDB_491,QQPQQPFPR
PPepDB_492,QQPQQPLPQ
PPepDB_493,QQPQQPLPR
PPepDB_494,QQPQQQFPQ
PPepDB_495,QQPQRPEQQ
PPepDB_497,QQPYPQQPF
PPepDB_498,QQPYPQQPY
PPepDB_499,QQQFPQQPQ
PPepDB_500,QQQQFPQPQ
PPepDB_501,QQQQLPQQH
PPepDB_503,QQQQQQFPQ
PPepDB_504,QQTFPQQPQ
PPepDB_505,QQTIPQQPQ
PPepDB_506,QQTQQPFPL
PPepDB_507,QQTYPQRPQ
PPepDB_509,QRPEQQFPQ
PPepDB_510,QRPQQPFPQ
PPepDB_513,QTQQPQQPF
PPepDB_515,QWPQQQQPF
PPepDB_517,QYPQPQQPI
PPepDB_537,VLDTGLAGA
PPepDB_538,VLEANPRSF
PPepDB_540,VLSPPFTGE
PPepDB_575,LVNPHDHQN
PPepDB_1676,FGTHGLPAP
PPepDB_1677,FSASYSSKP
PPepDB_1865,PGGVLSYYY
PPepDB_1871,PILLGILGS
PPepDB_1879,PLPIPPFYS
PPepDB_1882,PPFFVIMLI
PPepDB_1883,PPFFVIMLI
PPepDB_1889,PPLGPVIFG
PPepDB_1891,PPPFFVIAF
PPepDB_1895,PPPYPPMIG
PPepDB_1896,PPPYPPMIG
PPepDB_1910,PYFVLPSVY
PPepDB_2098,AWKLFDDGV
PPepDB_2158,SVAGRAQGM
PPepDB_2193,PGMGIYLPM
PPepDB_2276,APIVAAFTP
PPepDB_2372,ECECECECG
PPepDB_2405,FPPTFNHVN
PPepDB_2409,GASGLNGIF
PPepDB_2447,GLLGTVLLG
PPepDB_2462,GPPPYPPMI
PPepDB_2494,GYPLPFYPP
PPepDB_2514,IGVALIIVP
PPepDB_2546,JPYGVFSWK
PPepDB_2610,LGSPILLGI
PPepDB_2624,LSPFWNINA
PPepDB_2713,MSYVLGVNE
PPepDB_2714,MTSKGETAM
PPepDB_2837,SPLPIPPFY
PPepDB_2862,VIPAVIPYY
PPepDB_2863,VLPSVYPYF
PPepDB_2890,YTIFDIFGA
PPepDB_2893,YYAPFDGIL
PPepDB_2971,IPPGVPYWT
PPepDB_3024,PPFFLIILV
PPepDB_3073,AGLQFPVGR
PPepDB_3082,AMPVEVVQF
PPepDB_3101,CIDGVVYYG
PPepDB_3117,DLPGLTKVA
PPepDB_3123,DPGLQANTR
PPepDB_3140,EIVPPATQL
PPepDB_3144,ENLQNYRLL
PPepDB_3154,ESTAKQVIR
PPepDB_3155,ESTLHLVLR
PPepDB_3158,EVSLNSGYY
PPepDB_3162,FASGVLVPK
PPepDB_3165,FEGTVFENG
PPepDB_3176,FNIDVPNNS
PPepDB_3178,FPFPRPPHQ
PPepDB_3306,IFENLQNYR
PPepDB_3316,IISQETYKQ
PPepDB_3328,IQLSAERLQ
PPepDB_3330,IRALPEEVL
PPepDB_3399,KVPPKGKGT
PPepDB_3401,KYPVEPFTE
PPepDB_3427,LKVPPKGKG
PPepDB_3436,LLRFFVAPF
PPepDB_3448,LQRDATVSS
PPepDB_3455,LRVFSNDIL
PPepDB_3491,MITLAIFVN
PPepDB_3528,PAIGPHHLG
PPepDB_3543,PLPPPVNSP
PPepDB_3546,PNARGPGLV
PPepDB_3565,QTVAVGVIK
PPepDB_3574,RFFVAPFPE
PPepDB_3579,RLRLKPGLP
PPepDB_3603,SDGTTSEAL
PPepDB_3609,SGPPEHKLF
PPepDB_3671,VMTVHNTPY
PPepDB_3701,XMLPSYSPY
PPepDB_3718,YYQQKPVAL
PPepDB_3763,LQPGQGQQG
PPepDB_3772,QQRRLLRRK
PPepDB_3798,WPERPPQIP
PPepDB_3822,WQHQQDSCR
PPepDB_3844,GYPMYPLPR
PPepDB_3856,GLLGAVWAG
PPepDB_322,IAPFGIFGTN
PPepDB_357,NAPLPPPLKH
PPepDB_450,QKPFPQQPPF
PPepDB_574,LLPHHADADY
PPepDB_704,ESYFVFSVGM
PPepDB_1045,MCTHPLDCSN
PPepDB_1538,EQCREEEDDR
PPepDB_1894,PPPYFQTPIS
PPepDB_1973,AGVWTVWGTI
PPepDB_2078,DDFLCAGGCL
PPepDB_2082,KTCENLADDY
PPepDB_2084,SNDIYFNFQR
PPepDB_2101,KTCENLADTY
PPepDB_2104,KQTENLADTY
PPepDB_2402,FEITPEKNPQ
PPepDB_2511,IETWNPNNKP
PPepDB_2616,LLSPFWNINA
PPepDB_2707,MQWDEAIHGS
PPepDB_2742,PPGIVLGATG
PPepDB_2759,QQPQDAVQPF
PPepDB_2841,STQAYVDDHL
PPepDB_2855,VDAPAPSPTS
PPepDB_2856,VEAPAPSPTS
PPepDB_2902,EDENNPFYLR
PPepDB_3067,ADVTEPPLPP
PPepDB_3072,AGFAGDDAPR
PPepDB_3085,AQGTFLQPHQ
PPepDB_3086,AQPTTMARHP
PPepDB_3093,ATAFQIPRED
PPepDB_3113,DGVVYYGAQT
PPepDB_3124,DPGLQANTRV
PPepDB_3128,DVPNNSGPAD
PPepDB_3139,EIVPPANQLA
PPepDB_3146,EPNGLLLPQY
PPepDB_3177,FNPFPSPHTP
PPepDB_3200,FVAPFPEVFG
PPepDB_3237,GLLGKNFTSK
PPepDB_3268,GRRICPGLPI
PPepDB_3280,HIGIDVNSIK
PPepDB_3297,HTFSVDLPGL
PPepDB_3331,IRALPEEVLA
PPepDB_3339,IVALPXGMLK
PPepDB_3352,KENASVGVKQ
PPepDB_3360,KKRSKKKSFG
PPepDB_3385,KTCEHLADTY
PPepDB_3387,KTCENLADKY
PPepDB_3389,KTCENLANTY
PPepDB_3391,KTCENLVDTY
PPepDB_3397,KVADSLPDRS
PPepDB_3414,LDSCKDYVME
PPepDB_3434,LLNDEVKEGQ
PPepDB_3446,LQLSAERGAL
PPepDB_3447,LQLSALADRA
PPepDB_3461,LSREFLLGLE
PPepDB_3529,PEVIESPPEI
PPepDB_3540,PHLSFMAIPP
PPepDB_3555,QLNEPDNRLQ
PPepDB_3556,QLPEPDNRLQ
PPepDB_3584,RQQXELQGDR
PPepDB_3593,RTCENLADKY
PPepDB_3626,STTTGHLIYK
PPepDB_3643,TSLDLPVLRW
PPepDB_3644,TSVEIITSSK
PPepDB_3645,TTAGILLPEK
PPepDB_3660,VETGVIKPGM
PPepDB_3663,VGSEPKDKGG
PPepDB_3672,VPGEIVESLS
PPepDB_3693,VVVNIPPTLK
PPepDB_3708,YGVSGYPTLK
PPepDB_3751,VWTVWGTIAG
PPepDB_3823,WQHQQDSCRK
PPepDB_238,VECYGPNRPQF
PPepDB_254,HTLCMDGGATY
PPepDB_288,DHHQVYSPGEQ
PPepDB_527,TETWNPNHPEL
PPepDB_1893,PPPLLGPPYYG
PPepDB_2151,LMCTHPLDCSN
PPepDB_2159,TESYFVFSVGM
PPepDB_2314,AVDAPAPSPTS
PPepDB_2371,ECECECECECG
PPepDB_2401,FDRLQAFEPLR
PPepDB_2461,GPPPLLGPPYY
PPepDB_2505,HSSSPAPAPTS
PPepDB_2512,IETWNPNNKPF
PPepDB_2566,JSAAPAPAPTS
PPepDB_2567,JSEAPAPSPTS
PPepDB_2568,JSLAPAPAPTS
PPepDB_2569,JSLAPAPSPTS
PPepDB_2573,JTEAPAPSPTS
PPepDB_2746,PPPPFGTSFIY
PPepDB_3064,AARLDPGLQAN
PPepDB_3097,AVFPSIVGRPR
PPepDB_3137,EITPEKNPQLR
PPepDB_3152,ERFQPMFRRPG
PPepDB_3221,GGVLPNINPVL
PPepDB_3258,GPIYSNEFGKF
PPepDB_3272,GTIAGGGVIPH
PPepDB_3302,IDLPGLTKVAV
PPepDB_3308,IGGIGTVPVGR
PPepDB_3311,IHPLPPPVNSP
PPepDB_3407,LAQGTFLQPHQ
PPepDB_3469,LVALGVPHHIA
PPepDB_3516,NNYKYDSNAHT
PPepDB_3523,NSLTLPILRYL
PPepDB_3576,RHDEEEEKAKV
PPepDB_3596,RTPIHVELERS
PPepDB_3602,SAERGALYSDA
PPepDB_3636,TKMDEGVVTKK
PPepDB_3670,VLVSGSIHYPR
PPepDB_3678,VPPQLLGHYQH
PPepDB_3686,VTSLDLPVLRW
PPepDB_281,AHGRSQVLQQST
PPepDB_284,ALQTLPAMCNVY
PPepDB_285,AMCNVYIPPYCT
PPepDB_291,EEIRNLALQTLP
PPepDB_296,FPPQQPYPQPQP
PPepDB_299,FPQPQLPYSQPQ
PPepDB_301,FPSQQPYLQLQP
PPepDB_302,FQQPLQQYPLGQ
PPepDB_306,GSFRPSQQNPQA
PPepDB_316,HNAPNPGLPYAA
PPepDB_317,HNVVHAIILHQQ
PPepDB_324,IILHQQQKQQQQ
PPepDB_325,IPPYCTIAPFGI
PPepDB_334,LCCQHLWQIPEQ
PPepDB_336,LGQGSFRPSQQN
PPepDB_348,LQQHNIAHGRSQ
PPepDB_350,LQQQLIPCMDVV
PPepDB_360,PCMDVVLQQHNI
PPepDB_379,PFRPQQPYPQPQ
PPepDB_397,PQPQPFPSQQPY
PPepDB_424,PQYSQPQQPISQ
PPepDB_427,PSQQQPQEQVPL
PPepDB_428,PSSQVSFQQPLQ
PPepDB_431,PYPQPQPQYSQP
PPepDB_436,PYSQPQPFRPQQ
PPepDB_439,QEQVPLVQQQQF
PPepDB_445,QGQQGYYPTSPQ
PPepDB_446,QGSVQPQQLPQF
PPepDB_448,QILQQILQQQLI
PPepDB_451,QKQQQQPSSQVS
PPepDB_455,QLQPFPEPQLPY
PPepDB_456,QLQPFPQPELPY
PPepDB_458,QLQPFPQQELPY
PPepDB_459,QLQPFPQQQLPY
PPepDB_460,QLQPQNPSQQQP
PPepDB_465,QQLPQFEEIRNL
PPepDB_466,QQNPQAQGSVQP
PPepDB_479,QQPISQQILQQI
PPepDB_516,QYPLGQGSFRPS
PPepDB_524,SQCQAIHNVVHA
PPepDB_525,SSQVSFQPSQLN
PPepDB_539,VLQQSTYQLLQE
PPepDB_546,VQQQQPLGQQQP
PPepDB_547,VRFPVPQLQPQN
PPepDB_552,WQIPEQSQCQAI
PPepDB_555,YFPVGGDRPESF
PPepDB_559,YLQLQPFPQPQL
PPepDB_564,YPQPQPFPSQQP
PPepDB_565,YQLLQELCQQHL
PPepDB_566,YYPTSPQQSGQG
PPepDB_1686,GCIEGSPVCFPD
PPepDB_1897,PPYYTPAGPTQY
PPepDB_2278,APVLQIKKTGSN
PPepDB_2312,ATVEAPAPSPTS
PPepDB_2606,LAGNPDIEHPET
PPepDB_2639,MDLCWQKSIHGS
PPepDB_2651,MEDEWLEHAHGS
PPepDB_2653,MELCWLTTIHGS
PPepDB_2654,MELCWQTSIHGS
PPepDB_2655,MELSWQKSIHGS
PPepDB_2691,MKLCWQISIHGS
PPepDB_2692,MKLCWQKSIHGS
PPepDB_2693,MKLFWQKSINGS
PPepDB_2708,MRFCWQKSIHGS
PPepDB_2723,NTPPRRAKSRPH
PPepDB_2828,SEAPAPSPTSGS
PPepDB_2860,VGYSDSGKDAGR
PPepDB_2891,YTPAGPTQYPPY
PPepDB_3063,AAPFPGQKSLQR
PPepDB_3156,ESYFVPTERQSR
PPepDB_3157,ETLEATMEDLTR
PPepDB_3159,EYCGAGCQSNCR
PPepDB_3179,FPLTCPTKWWKG
PPepDB_3180,FPLTWPTKWWKG
PPepDB_3183,FPVTWPTKWLKG
PPepDB_3184,FPVTWPTKWRKG
PPepDB_3185,FPVTWPTKWWEG
PPepDB_3186,FPVTWPTKWWKG
PPepDB_3187,FPVTWPTKWWKS
PPepDB_3208,GDAACCGLPLLP
PPepDB_3218,GGRKQGQHQQEE
PPepDB_3259,GPIYSNEFGKFF
PPepDB_3263,GRAFYSAPIQIW
PPepDB_3279,HHLGGAKQAGDV
PPepDB_3332,IRALPEEVLANA
PPepDB_3453,LRLKPGLPKNDG
PPepDB_3472,LYNVHWDPKPRH
PPepDB_3510,NLEDASISLNEK
PPepDB_3513,NLIFQGDGYTTK
PPepDB_3521,NSATETSFSFQR
PPepDB_3526,NVNDNGEPTLSS
PPepDB_3577,RKKRLKLLKRLL
PPepDB_3583,RPGLPKKDGNID
PPepDB_3600,SAAAPAIGPHHL
PPepDB_3646,TVTSLDLPVLRW
PPepDB_3691,VVRRVIEPRGLL
PPepDB_3704,YFPTQALNFAFK
PPepDB_3778,RRARGERMSRRK
PPepDB_3779,RRQRRRRMRKDK
PPepDB_3819,QLQGVNLTPCEK
PPepDB_292,ESQQSQQDEPQPF
PPepDB_298,FPQPEDQQSQQSE
PPepDB_544,VQQQIPVVQPSIL
PPepDB_2264,AEEVGAPAPGPAS
PPepDB_2298,ATMESPAPSPGAS
PPepDB_2370,ECECECECECECG
PPepDB_2540,JLFNPSTNPWHSP
PPepDB_2680,MKFLCWQKSIHGS
PPepDB_2694,MKLLCWEKSIHGS
PPepDB_2695,MKLLCWQKSIHGS
PPepDB_2845,TADMDGPGNPEMT
PPepDB_3034,MITLAIPVNKPGR
PPepDB_3062,AAEDVLNDIGAIS
PPepDB_3066,ACSNHSPLGWRGH
PPepDB_3160,EYCGAGCQSNCRR
PPepDB_3181,FPVTFRFFKFFKG
PPepDB_3182,FPVTWGWWKWWKG
PPepDB_3188,FPVTWRWWKWWKG
PPepDB_3189,FPVTWRWWTWWKG
PPepDB_3199,FSVTWRWWKWWKG
PPepDB_3319,IKGTIAGGGVIPH
PPepDB_3324,ILPWKWPWWPWRR
PPepDB_3402,LADAFNVDTETAR
PPepDB_3409,LCCSQFGFCGTTR
PPepDB_3483,MRRERGRQGDSSS
PPepDB_3492,MITLAIFVNKFGR
PPepDB_3624,SQRQATKDAGVIS
PPepDB_3625,STLETTLQAANER
PPepDB_3642,TRKDVPPYMIPVQ
PPepDB_3674,VPLDFNPNRIFIL
PPepDB_3759,KEDDEEEEQGEEE
PPepDB_3764,LRENNKLMLLELK
PPepDB_413,PQQPFPQPQQPFPQ
PPepDB_414,PQQPFPQPQQPFRQ
PPepDB_415,PQQPQQSFPQQPQR
PPepDB_457,QLQPFPQPQLPYPQ
PPepDB_461,QPFPQPQQPFPQSQ
PPepDB_463,QQFPQPQQPFPQQP
PPepDB_470,QQPFPQQPQQPFPQ
PPepDB_475,QQPFVQQQQPFVQQ
PPepDB_511,QSGQYQQQPQMQTT
PPepDB_518,QYQPYPEQQEPFVQ
PPepDB_519,QYQPYPEQQQPFVQ
PPepDB_553,WQQQPPFSQEQPQF
PPepDB_685,CMSTRGDQARKICE
PPepDB_697,DSLSFSYNNFEEDD
PPepDB_1456,PRGSPRTEYEAARR
PPepDB_2001,GRCTKSIPPICFPD
PPepDB_2272,ALESAKLGPWWIGP
PPepDB_2273,ALESAKLVPWWIPP
PPepDB_2274,ALESGKQKKPQQVK
PPepDB_2539,JLFGPSTNPWHSPR
PPepDB_2541,JLFNPSTNPWHSPR
PPepDB_2543,JLLSQSTSQWQSSR
PPepDB_3253,GNCRGFRRRCFCTK
PPepDB_3254,GNCRGFRRRCFSTK
PPepDB_3255,GNCRGFRRRSFCTK
PPepDB_3395,KTPGLPPMPQSDYL
PPepDB_3403,LADAFNVDTETARR
PPepDB_3408,LASSGIDHEGRLPR
PPepDB_3495,MPLSWFFPRTWGKR
PPepDB_3524,NSSYFVEWIPNNVK
PPepDB_3568,RARFEELNMDLFRR
PPepDB_3578,RKQEEDEDEEQQRE
PPepDB_3623,SPDSHTFSVDLPGL
PPepDB_3637,TLEPNSVFLPVLLH
PPepDB_300,FPQTQQPQQLFPQSQ
PPepDB_305,GQQGYYPTSVQQSGQ
PPepDB_307,GSVQPQQQLPQFEIR
PPepDB_328,IVRHLFLHVYPRVLM
PPepDB_349,LQQPQQPQFQPQQQF
PPepDB_416,PQQPQQSFPQQQRPF
PPepDB_425,PRHVFYRWFLSNPRI
PPepDB_477,QQPIQPQQFPQQQFF
PPepDB_482,QQPPFSEEEEPVLPQ
PPepDB_483,QQPPFSEQEQLVLPQ
PPepDB_484,QQPPFSQQQQLVLPQ
PPepDB_485,QQPPFSQQQQPVLPQ
PPepDB_486,QQPPFSQQQQQPLPQ
PPepDB_529,TRWLVYFSRPYLVAT
PPepDB_543,VQGQGIIQPQQPAQL
PPepDB_607,AKITFTNNHPRTIWP
PPepDB_703,ESGINLQGDATLANN
PPepDB_713,FSGSVNQACSGFGWK
PPepDB_1447,NSMERVEELRKKLQD
PPepDB_1452,PEDPQRRYQEEQRRE
PPepDB_1462,QGIGVGDNDGKRGKR
PPepDB_1464,QKIQEIDLQTYLQPQ
PPepDB_1496,SYKKIDCGGACAARC
PPepDB_1514,VAGPFRIPPLRREFQ
PPepDB_2369,ECECECECECECECG
PPepDB_2403,FIIPQQSLAPPAIIP
PPepDB_2470,GRHDSVLPPPSPKTD
PPepDB_2558,JQLLGQSTSQWQSSR
PPepDB_3223,GHLIVNYEFVNCGDN
PPepDB_3264,GRCRDDFRCWCTKRC
PPepDB_3266,GRHDSVLPXXSXKTD
PPepDB_3267,GRHDYVASXXXXKPQ
PPepDB_3390,KTCENLATYYRGPCF
PPepDB_3415,LDTNNNANQLDQNPR
PPepDB_3437,LLSGTQNQPSFLSGF
PPepDB_3489,MIAFNKEQDTDLQSK
PPepDB_3508,NIHTDTLNEAGFVEH
PPepDB_3591,RSSFVNKEFCNHSKE
PPepDB_3604,SERYLGYLEQLLRLK
PPepDB_3765,LSERRMLLRKEKQAQ
PPepDB_3776,RNEQMGAGRLGRLRK
PPepDB_3820,RTCENLANTYRGPCI
PPepDB_344,LNSGDALRVPSGTTYY
PPepDB_394,PQPFRPQQPYPQPQPQ
PPepDB_726,KIMAKPSKFYEQLRGR
PPepDB_1449,PAGPFRIPPRXRXEFQ
PPepDB_1484,SDYSRKRDPPQKYEEE
PPepDB_2261,AASTPVGGGRRLDRGQ
PPepDB_2623,LQSGDALRVPSGTTYY
PPepDB_3069,AEMIDLAAKMLSEGRG
PPepDB_3134,EGGDGGYGGGGGGSRW
PPepDB_3265,GRCRGFRRRCFCTTHC
PPepDB_3301,ICPGLPIANQFIALLV
PPepDB_3313,IIGATNPAESAPGTIR
PPepDB_3416,LDTNNNANQLDQNPRN
PPepDB_3463,LSSLEMGSLGALFVCM
PPepDB_3509,NILEASFNTDYEEIEK
PPepDB_3514,NLLRFFVAPFPEVFGK
PPepDB_3621,SLVSPSAAAAAAPGGS
PPepDB_3633,TEGFPTGSCDFHVAGR
PPepDB_3817,KTCENLADTYKGPCFT
PPepDB_289,DPAQPNYPWTAVLVFRH
PPepDB_385,PLLPQQPFPSQQEQPQF
PPepDB_389,PLVQQQFLGQQQPFPPQ
PPepDB_514,QVQWPQQQPFPQPQQPF
PPepDB_550,WFQPSQLNPQAQQDQPQ
PPepDB_618,ALYNSEDLYEETSDSDD
PPepDB_646,ATITFTNKCTRTVWPGG
PPepDB_1451,PAQPFRIKKRQGPFERP
PPepDB_2103,RPRCWIKIKFRCKSLKF
PPepDB_2368,ECECECECECECECECG
PPepDB_2502,HEGHHHHAPAPAPGPAS
PPepDB_3065,AAVRSPAQILQWQVLSN
PPepDB_3125,DSEGHRTAPCYVMKILF
PPepDB_3135,EGGGGGYGGGGGGYGGR
PPepDB_3195,FSGGNCRGFRRRCFCTK
PPepDB_3196,FSGGNCRGFRRRCFSTK
PPepDB_3197,FSGGNCRGFRRRSFCTK
PPepDB_3234,GKGSSSKPDELHEIIKA
PPepDB_3260,GPSSSPDIYNPEAGRIK
PPepDB_3350,KEEIERLVSIRNRQGIH
PPepDB_3394,KTNENAMVSPLAGRTSA
PPepDB_3417,LDTNNNANQLDQNPRNF
PPepDB_3482,MDTTNNANQLDQNPRNF
PPepDB_3549,PPYCTIVPFGIFGTNYR
PPepDB_3620,SLHHEKETAGLNEENSK
PPepDB_3647,TVVPPKGGSFYPGETTP
PPepDB_3712,YQEPVLGPVRGPFPIIV
PPepDB_297,FPQHCNYQQQPQTFPQPF
PPepDB_1455,PPEAAYGPGNTNSDSGDK
PPepDB_1528,XXTKFDFFTLALQXPAXF
PPepDB_2315,AVQSKPPSKRDPPKMQTD
PPepDB_2356,DYGDPSANPKHDPGVPPS
PPepDB_2721,NRKPLSPPSPKPADGQRP
PPepDB_2763,REAKSPPPSPKPSDPKNP
PPepDB_2764,REARSPPPAPEKDIPTHP
PPepDB_2767,REEKPPPPAPETDDPNRP
PPepDB_2768,REEKSPPPAPEADDPNRP
PPepDB_2769,REEKSPPPAPETDDPNRP
PPepDB_2770,REPKSPPPSPKPSDPKNP
PPepDB_2771,RGAKSPPPSPKPSDPINP
PPepDB_2772,RGANLPPPSPASSPPSKE
PPepDB_2775,RGKRLPPPAPEYDPPYHQ
PPepDB_2797,RTARPPPPAPKPAAPIHP
PPepDB_2811,RTPYKTPPPPTSSSPTHQ
PPepDB_3120,DNRMVNHFVQEFKRKHKK
PPepDB_3198,FSPDQQNLIFQGDGYTTK
PPepDB_3205,GACHRQGFGFACFCYKKC
PPepDB_3211,GEHGQQQRGLGNNVFSGF
PPepDB_3281,HLLKRVQRELIGWLDWLK
PPepDB_3282,HLLKRVQRELIRWLDWLK
PPepDB_3283,HLLKRVQRLLIGWLDWLK
PPepDB_3284,HLNARVQRELIGWLDWLK
PPepDB_3285,HLNKAVQRELIGWLDWLK
PPepDB_3286,HLNKRVQAELIGWLDWLK
PPepDB_3287,HLNKRVQRELIGWLDWLA
PPepDB_3288,HLNKRVQRELIGWLDWLK
PPepDB_3289,HLNKRVQRELIGWLRWLK
PPepDB_3290,HLNKRVQRELIRWLDWLK
PPepDB_3291,HLNKRVQRELRGWLDWLK
PPepDB_3292,HLNKRVQRLLIGWLDWLK
PPepDB_3293,HLNKRVQRLLIRWLDWLK
PPepDB_3309,IGPSSSPDIYNPEAGRIK
PPepDB_3336,ISLLDTNNNANQLDQNPR
PPepDB_3460,LSPGDVLVIPAGYPVAIK
PPepDB_3527,PAGVAHWSYNDGSNPVVA
PPepDB_3572,REGGGGGYGGGGGGYGGR
PPepDB_3595,RTXYKTXXXXTSSSXTHQ
PPepDB_3656,VCANRLCCSQFGFCGTTR
PPepDB_280,AGQQQPFPPQQPYPQPQPF
PPepDB_337,LGQQQAFPPQQPYPQPQPF
PPepDB_351,LQQVQQGPQQQPFPQPQPF
PPepDB_1458,PVVDTTGNNPLQQQEEYYV
PPepDB_1555,RNCESLSHRFKGPCTRDSN
PPepDB_1614,PQRGEGGRAGNLLREEQEI
PPepDB_2384,EPQQPGEKEEDEDEQPRPI
PPepDB_2796,RSLHKSPPPTPKPSDEQGQ
PPepDB_3142,ELAFPGSAQEVDTLLENQK
PPepDB_3215,GGGGYGGGGGGYGGGGGGY
PPepDB_3235,GKGSSSKPDELHEIIKAGA
PPepDB_3334,ISFYQHPEENAAQFQYLNA
PPepDB_3337,ISLLDTNNNANQLDQNPRN
PPepDB_3441,LPGYGTVTNIINGGLECGR
PPepDB_3619,SLEDLHNESGAAAATATQR
PPepDB_3653,VALMDTTNNANQLDQNPRN
PPepDB_3685,VTFRQGGEENECQFQRLNA
